day,0,1,2,3,4,5,6,7,8,9,10,11,12,13,14,15,16,17,18,19,20,21,22,23,cluster
2006-12-17,1.8824666666666665,3.3494,1.5872666666666668,1.6622,2.2157666666666667,1.9967333333333335,1.3033000000000001,1.6200333333333332,1.8905666666666667,2.5490666666666666,3.6289000000000002,2.4709999999999996,1.9158666666666666,1.6607666666666667,2.092633333333333,2.9854,3.3260333333333336,3.406766666666667,3.6971,2.9084,3.3615,3.040766666666667,1.518,0.4377333333333333,0
2006-12-18,0.2763666666666667,0.31329999999999997,0.2844666666666667,0.30993333333333334,1.0263333333333333,0.2935,0.61,2.4504333333333337,2.082133333333333,1.6293333333333335,1.3096333333333334,1.5619333333333332,1.7560666666666667,1.6820666666666668,1.7330333333333334,1.7842999999999998,1.9493,2.1549,2.402533333333333,2.6145,3.0505666666666666,2.1697333333333333,1.7388000000000001,1.5472666666666666,2
2006-12-19,0.8371333333333334,0.3530333333333333,0.3272333333333333,0.3083,0.32783333333333337,0.30666666666666664,0.7963333333333333,1.7856333333333334,3.879033333333333,1.6177666666666668,0.4371333333333334,2.321633333333333,0.43066666666666664,0.30046666666666666,0.3021333333333333,0.42136666666666667,1.3721333333333334,2.1115,2.2047000000000003,1.8420999999999998,2.940533333333333,1.4428666666666667,0.7200000000000001,0.3837,1
2006-12-20,0.4598333333333333,0.25866666666666666,0.7843666666666667,0.3100333333333333,0.289,0.2627,0.28359999999999996,1.5266333333333333,2.9176,1.3855333333333333,1.5103000000000002,2.8924000000000003,1.4210333333333334,1.4284,1.2949,0.2811333333333333,0.46843333333333337,0.5735,2.8368333333333333,3.2486333333333333,3.5754666666666663,3.646066666666667,3.058966666666667,2.3817666666666666,1
2006-12-21,1.5358666666666667,1.3979666666666666,1.2749,0.3026,0.24673333333333333,0.2907,0.29566666666666663,1.2804666666666666,1.5630333333333333,2.5758,1.7677,0.5346551724137931,0.8191333333333333,1.6882333333333333,1.0239,0.3074,1.3600666666666668,1.7526333333333333,2.4433000000000002,2.1971333333333334,2.4373666666666667,0.9822666666666666,0.28026666666666666,0.2704333333333333,2
2006-12-22,0.2669333333333333,0.272,0.26763333333333333,0.27386666666666665,0.26426666666666665,0.8068333333333334,0.4796333333333333,1.7231999999999998,2.7443999999999997,1.8963,1.3449666666666669,1.2525666666666666,1.2284666666666666,0.6719,0.8155666666666667,1.4516333333333333,1.5712000000000002,1.4968,2.6869666666666663,3.9381666666666666,3.5360666666666662,4.548666666666667,3.0650666666666666,2.4191999999999996,1
2006-12-23,1.6982333333333333,1.7227999999999999,1.7007666666666665,1.7715333333333334,1.8916,2.2291000000000003,1.6493666666666666,4.023366666666666,4.190833333333333,3.2464,2.972166666666667,3.159,2.9288000000000003,3.4063,3.757966666666667,4.0491,4.349100000000001,5.452533333333333,3.8794,4.1178333333333335,4.1814,3.2884333333333333,4.327933333333333,5.5624666666666664,2
2006-12-24,4.0280000000000005,3.2757,2.303033333333333,1.6067666666666667,1.5761,1.6319000000000001,1.8952,1.4764000000000002,1.4277666666666666,2.7256666666666667,2.6753333333333336,2.0929333333333333,1.5,3.2399333333333336,1.3715333333333333,3.0968333333333335,2.0071333333333334,1.6864999999999999,0.5052,0.45403333333333334,0.4741,0.4840333333333333,0.4797666666666666,0.48633333333333334,0
2006-12-25,0.9995666666666667,1.2067666666666665,0.438,0.5899666666666668,0.5786666666666667,0.6201000000000001,0.26406666666666667,0.6768,2.6111,1.4934666666666667,1.9156666666666666,3.0446,2.9126,2.2249333333333334,1.7837333333333334,1.7403333333333333,3.8728333333333333,2.0718,2.4230666666666663,1.6295,1.9771333333333334,3.8368666666666664,4.2148666666666665,2.592233333333333,2
2006-12-26,2.4242666666666666,2.4026333333333336,2.4109333333333334,2.4490666666666665,2.9925,2.3877333333333337,2.3882,3.136066666666667,2.365933333333333,3.5450666666666666,4.0419,2.3735333333333335,2.4647,2.8868,3.8266,2.6296000000000004,3.4507333333333334,3.3423333333333334,3.2466999999999997,3.034,3.479,2.6584,0.8636,0.7682,0
2006-12-27,0.4829666666666667,0.49346666666666666,0.4795,0.4441333333333333,0.47403333333333336,1.0365333333333333,0.4744,2.049866666666667,2.164733333333333,2.3289666666666666,2.3169666666666666,1.3156,1.0784,0.26416666666666666,0.2638333333333333,0.3332,0.2968,0.5012666666666666,1.8244,1.7362666666666666,2.3531,1.3297333333333334,1.0835000000000001,0.35350000000000004,1
2006-12-28,1.0185333333333333,0.27773333333333333,0.31616666666666665,0.2988,0.3101,0.2894,0.29256666666666664,1.0433333333333334,2.5357333333333334,1.3215333333333334,0.32606666666666667,0.2799333333333333,0.271,0.6986333333333333,1.8085666666666667,1.5743333333333334,1.5589666666666666,2.432533333333333,2.5439,2.8485,2.1167666666666665,5.035333333333333,3.2142,2.131333333333333,2
2006-12-29,1.4093333333333333,1.9941666666666669,2.1516333333333337,2.4526666666666666,2.471433333333333,2.3861,2.4389,3.8387666666666664,3.6947666666666668,3.4349,2.4225333333333334,1.3891666666666667,1.5557333333333332,1.7093333333333334,1.4185,0.6281,0.31786666666666663,0.8924,1.8926333333333332,1.7913333333333334,3.4718333333333335,4.313733333333333,3.666033333333333,1.1646666666666665,1
2006-12-30,0.29469999999999996,0.31529999999999997,0.2794333333333333,0.3057666666666667,0.30093333333333333,0.2778333333333334,0.9067666666666666,0.25656666666666667,1.5167333333333335,3.2357666666666662,4.664793103448276,3.8858666666666664,3.1451,2.2929666666666666,1.7899333333333334,2.4495333333333336,3.955566666666667,2.581166666666667,3.8627,3.753033333333333,3.0760666666666667,2.038,0.7491333333333333,0.7102,2
2006-12-31,0.6762333333333334,0.7161666666666666,0.7219333333333334,0.7785666666666666,1.2777666666666667,1.0507666666666666,2.5013666666666667,3.3645,4.0845666666666665,2.7232,2.914933333333333,3.3594999999999997,3.8529666666666667,3.6025666666666667,3.0812999999999997,2.4882666666666666,2.838,2.7502666666666666,2.4104666666666663,2.434266666666667,2.4249333333333336,2.443633333333333,2.636,3.104433333333333,0
2007-01-01,2.5506333333333333,2.5234,2.582333333333333,2.5416666666666665,2.4757333333333333,2.4762333333333335,2.4558000000000004,2.4472,2.441733333333333,3.1461333333333332,2.6617333333333333,2.576,2.615866666666667,2.1624,1.2944,1.9091666666666667,1.3901000000000001,1.6320666666666668,1.4619,0.7323000000000001,0.4123,0.43393333333333334,0.4437333333333333,0.4499666666666667,0
2007-01-02,0.44643333333333335,0.43673333333333336,0.43156666666666665,0.46416666666666667,1.0399666666666667,0.7106,0.4469666666666667,0.4125666666666667,0.45439999999999997,0.41763333333333336,0.4459,0.4327666666666667,0.42596666666666666,0.45899999999999996,0.43843333333333334,1.4381,1.4590666666666665,2.1362,1.9720666666666666,1.5183,2.5735333333333332,1.3214333333333335,0.5282333333333333,0.7439,2
2007-01-03,1.1254333333333333,0.9007000000000001,0.30483333333333335,0.33330000000000004,0.29883333333333334,0.9516333333333333,0.3343333333333333,0.3017,0.3196,0.6024999999999999,0.8742333333333333,0.9763999999999999,1.3977666666666666,1.4199333333333333,1.0903666666666667,0.302,0.36766666666666664,0.28513333333333335,0.3612,0.289,0.32626666666666665,1.1154333333333333,0.9540333333333333,1.6686,0
2007-01-04,3.3750666666666667,2.896733333333333,2.3873333333333333,2.3620333333333337,2.370033333333333,2.3451999999999997,2.3587333333333333,2.3262333333333336,2.4038,2.6670666666666665,1.8980333333333335,2.006333333333333,4.066566666666667,3.5450666666666666,2.0132,0.8793000000000001,3.2898,2.7413000000000003,2.6055,2.8540666666666668,1.4985333333333335,0.4788,0.4196666666666667,0.5351333333333332,0
2007-01-05,1.9680333333333333,2.3868333333333336,2.3947333333333334,2.4157,2.3970333333333333,2.407366666666667,2.3678000000000003,2.3515333333333337,2.316933333333333,2.3642,2.6560333333333332,0.35583333333333333,0.3544,0.34176666666666666,0.37733333333333335,0.4778333333333334,0.8364999999999999,2.240733333333333,2.3996,2.0389,2.9757000000000002,2.6744,2.3847,1.7388333333333332,1
2007-01-06,1.4930666666666668,0.43346666666666667,0.3333333333333333,0.3128666666666666,0.30356666666666665,0.33526666666666666,0.29873333333333335,0.33699999999999997,0.2954,0.6231333333333333,1.5255666666666667,2.5922,4.002933333333333,1.8904333333333334,1.6995666666666667,1.1487,0.8812666666666666,0.8989666666666667,0.8555333333333334,1.8340333333333334,1.0151333333333334,1.0125333333333333,0.5116666666666666,0.5052666666666666,0
2007-01-07,0.9032,0.29643333333333327,0.35240000000000005,0.2986666666666667,0.35586666666666666,0.28536666666666666,0.3383,0.3127333333333333,0.3100333333333333,0.37560000000000004,1.0414333333333332,1.0684333333333333,0.5515666666666666,3.331933333333333,2.5330999999999997,3.770766666666667,2.2807666666666666,2.404733333333333,5.211533333333334,2.9164666666666665,3.5232,4.738366666666667,2.1289,1.4638666666666666,2
2007-01-08,1.3604666666666667,1.3506666666666667,1.3848333333333334,1.3569,1.3759000000000001,1.1045333333333334,0.46813333333333335,1.0126333333333333,2.1395,1.6646333333333334,1.2966333333333333,1.1751,0.32893333333333336,0.6432,1.8509,1.8851,2.1224333333333334,1.8981,2.907966666666667,2.7940666666666667,3.4250333333333334,2.507633333333333,0.9699666666666666,0.3327333333333333,2
2007-01-09,0.26983333333333337,0.31183333333333335,0.2874,0.4696666666666667,0.6611999999999999,0.27449999999999997,1.1234666666666666,2.3869666666666665,2.1355999999999997,1.8683666666666667,1.3492333333333335,0.9347333333333334,0.2769333333333333,0.3015666666666667,0.26666666666666666,0.5648333333333333,1.4713333333333334,2.106266666666667,2.3730666666666664,2.2874666666666665,3.2106,3.292466666666667,1.2912666666666666,1.6356333333333335,1
2007-01-10,0.5179,0.6539,0.34036666666666665,0.26936666666666664,0.3469,0.26796666666666663,0.8976,2.3629000000000002,2.972933333333333,1.9952333333333334,1.4271,3.970766666666667,1.4307666666666667,0.5537666666666666,1.6954,1.2912333333333335,0.6835333333333333,1.8244,3.3644000000000003,3.190233333333333,2.9339333333333335,1.6947,0.8519000000000001,0.3761333333333334,2
2007-01-11,0.3365,0.2546,0.30866666666666664,0.8921666666666667,0.2705,0.2976,0.7363666666666667,2.7021666666666664,2.5052666666666665,1.3702,1.3697333333333332,1.1518333333333333,0.30033333333333334,0.3952,0.32720000000000005,0.5416333333333333,2.6132,3.2382333333333335,3.869133333333333,4.7842,3.7062666666666666,2.8803666666666667,1.4481,1.2871,2
2007-01-12,0.5854333333333333,0.3122333333333333,0.30239999999999995,0.32156666666666667,0.29303333333333337,0.8123333333333334,1.4514333333333334,2.8325,1.9939333333333333,1.3481999999999998,0.9068333333333333,0.2818333333333333,0.2946,0.25386666666666663,0.33490000000000003,0.2617333333333333,0.32066666666666666,0.5727,2.549,2.2349,2.2950666666666666,1.5127333333333333,1.4837666666666667,0.7992666666666667,1
2007-01-13,0.8884000000000001,0.31673333333333337,0.25643333333333335,0.29786666666666667,0.289,0.2646,0.31516666666666665,1.7926333333333335,2.655533333333333,1.7159000000000002,3.1700333333333335,3.5630666666666664,1.9701666666666666,1.6392,1.6297,2.0716666666666668,2.0576333333333334,2.7980666666666667,1.8881000000000001,3.1545,4.5121,4.981466666666666,5.814266666666667,5.071333333333333,2
2007-01-14,3.3405666666666667,2.916,2.879433333333333,1.1217333333333335,1.1342333333333334,1.1941,1.5761,1.1410666666666667,1.3151666666666666,2.2260333333333335,1.7363666666666666,1.0085666666666666,0.7125,1.2987,1.8274666666666666,2.0970666666666666,3.4258,4.211133333333334,3.5989152542372884,3.2915,3.1929000000000003,2.1076333333333332,1.4627333333333332,1.3745333333333332,2
2007-01-15,1.3573,1.3417333333333334,0.46199999999999997,0.28986666666666666,0.29159999999999997,0.24400000000000002,0.30833333333333335,1.9449,2.5957333333333334,1.595,1.8552666666666666,1.3714333333333333,1.1310333333333333,0.6521,1.4841333333333333,1.6232333333333335,1.5423333333333333,1.7919666666666667,2.2478333333333333,2.9717333333333333,2.742566666666667,1.6235,1.8572333333333333,2.4864666666666664,2
2007-01-16,0.3873666666666667,0.2992666666666667,0.30850000000000005,0.2936666666666667,0.7837666666666666,0.40863333333333335,0.7007666666666666,2.4842333333333335,1.0849,0.8876000000000001,0.40046666666666664,0.6403666666666666,1.9346666666666665,0.9449666666666666,1.9168666666666667,0.8901333333333333,1.6489666666666667,2.8615,3.1261666666666668,1.9594999999999998,1.3968333333333334,1.4027666666666667,0.9547666666666667,0.3900666666666667,2
2007-01-17,0.29933333333333334,0.24646666666666667,0.8600666666666666,0.2673,0.28669999999999995,0.2635,0.8767999999999999,2.2358,3.1199333333333334,3.2271333333333336,4.085766666666666,2.4455999999999998,1.7471999999999999,1.4257,1.5296999999999998,3.871966666666667,1.8885,3.066866666666667,1.6687,2.606533333333333,3.220833333333333,3.5447333333333333,2.720666666666667,1.9556666666666667,2
2007-01-18,1.4016666666666666,1.1285666666666667,0.29913333333333336,0.28536666666666666,0.2859333333333333,0.2725666666666667,0.7473333333333334,2.6217333333333332,1.6582666666666666,1.3265666666666667,0.8661333333333334,0.2796333333333333,0.3050333333333333,0.5061,0.3720333333333333,0.6128333333333332,1.6330666666666667,2.1533333333333333,3.1334666666666666,2.793,2.9685333333333332,2.7788,1.4036333333333333,0.5249666666666667,1
2007-01-19,0.3053666666666667,0.31633333333333336,0.3047666666666667,0.30856666666666666,0.3172666666666667,0.30043333333333333,0.8006666666666666,2.8391,2.1277666666666666,1.8329666666666666,1.1446333333333334,0.2579,0.3025,0.3826,0.4230333333333333,0.35866666666666663,1.0321666666666667,1.3404666666666667,0.7348666666666667,0.9607666666666667,1.5455666666666665,2.422633333333333,2.4906333333333333,1.8243333333333331,1
2007-01-20,1.7318,1.1492666666666667,1.0384,1.1203333333333334,1.0231666666666668,1.051,1.1070333333333333,2.1135333333333333,2.0351333333333335,2.0485333333333333,2.279733333333333,2.0756,1.8431333333333335,4.251033333333334,2.6336999999999997,1.9713666666666667,1.9525333333333335,2.7952,4.312366666666667,5.3430333333333335,3.7129333333333334,2.4257333333333335,1.0950333333333333,1.1192666666666669,2
2007-01-21,1.3722333333333334,1.5,1.5674666666666668,1.1985,1.1744333333333332,1.2062333333333333,1.7787666666666666,1.0879333333333332,1.9292666666666667,1.925,2.1305666666666667,2.860066666666667,2.6967,2.7639,1.9257333333333333,1.7514666666666665,1.2283333333333333,2.8507000000000002,3.6489333333333334,5.330433333333334,6.0765666666666664,5.9107666666666665,2.327733333333333,0.5459666666666667,2
2007-01-22,0.31603333333333333,0.26156666666666667,0.30493333333333333,0.26030000000000003,0.3038,0.2666,0.9936666666666666,1.8646,3.0862666666666665,2.4221,1.8949666666666665,1.3413666666666666,1.3538,1.0975,1.4378,1.4210666666666667,1.1902333333333333,1.1473000000000002,1.3634,3.6992333333333334,4.455733333333333,2.5735666666666663,1.6554666666666666,1.6302666666666668,1
2007-01-23,2.041,0.5386666666666666,0.4723333333333333,0.4703666666666667,0.46503333333333335,0.46643333333333337,0.45463333333333333,2.2251333333333334,1.6628333333333332,1.4198333333333333,0.2587,0.29973333333333335,0.26833333333333337,0.2888,0.2702,0.28936666666666666,0.33990000000000004,2.004966666666667,2.3880333333333335,3.6409666666666665,3.578933333333333,2.9194666666666667,1.5410000000000001,1.3226666666666667,1
2007-01-24,1.8474,1.5868666666666666,1.4834333333333334,1.4792999999999998,1.4453,1.4457333333333333,1.3818333333333332,3.5237,3.758166666666667,3.5179,2.6324666666666667,1.5583333333333333,2.8716,1.8371666666666668,1.5796333333333334,2.5398,2.7186000000000003,1.6884333333333332,2.1702333333333335,2.1574666666666666,2.9639666666666664,1.5511000000000001,0.9240999999999999,1.1350333333333333,0
2007-01-25,0.5959,0.25316666666666665,0.3074,0.2604,0.3157,0.2601333333333333,0.5114,2.621166666666667,1.3268666666666666,0.587,0.26890000000000003,0.2921333333333333,0.28826666666666667,0.36010000000000003,1.2025666666666666,1.7188,1.4912333333333334,1.7649333333333332,2.4160666666666666,3.0424333333333333,2.0296,2.2985666666666664,1.3439333333333332,1.0490666666666668,2
2007-01-26,0.29290000000000005,0.27536666666666665,0.2667333333333334,0.2842333333333333,0.2688666666666667,0.2894333333333333,1.0980999999999999,2.266366666666667,0.5117666666666667,0.8014666666666667,0.8000666666666666,2.5391,1.7148666666666665,1.5894666666666666,1.5365333333333335,0.6744666666666668,0.2902666666666667,0.5921666666666667,0.9061666666666668,1.7367,1.4773,2.6073999999999997,2.3952,1.7512666666666667,1
2007-01-27,0.5147666666666667,0.42876666666666663,0.2627,0.28486666666666666,0.29019999999999996,0.28506666666666663,0.532,1.5318666666666667,2.0549333333333335,1.8459666666666665,1.8327666666666667,1.5786666666666667,1.4027666666666667,1.5418666666666667,3.241833333333333,2.0887666666666664,2.0463333333333336,1.4344999999999999,2.0484,2.1107666666666667,2.014133333333333,1.0464333333333333,0.5627666666666666,3.0867333333333336,2
2007-01-28,3.172066666666667,1.4386,1.3858666666666666,1.442,1.4488333333333334,1.4096,1.4621333333333333,1.3680666666666668,2.228733333333333,2.1713,1.7712666666666665,2.156566666666667,4.195833333333334,3.3684333333333334,1.7754666666666667,2.2971999999999997,2.0263666666666666,2.5222033898305085,3.2928333333333333,2.497,3.7912000000000003,3.0787,0.9065666666666666,0.33859999999999996,0
2007-01-29,0.2769333333333333,0.31270000000000003,0.27690000000000003,0.31649999999999995,0.2720333333333333,1.0642333333333334,0.49443333333333334,1.2486666666666666,1.5726333333333333,1.8279333333333334,1.5169666666666666,1.4119,1.5895333333333332,1.7716666666666667,1.4851666666666667,1.4688333333333332,1.7667666666666666,1.6542333333333334,2.393666666666667,2.8884666666666665,3.4203333333333332,1.7399,0.9504,1.3235999999999999,2
2007-01-30,0.38206666666666667,0.3172,0.29113333333333336,0.32116666666666666,0.2905333333333333,0.3303333333333333,0.9509666666666666,3.0251,1.5079,0.7467666666666666,0.28369999999999995,0.4939666666666666,0.6436,0.5605666666666667,0.6354000000000001,0.8202666666666667,1.4972999999999999,1.9338,3.2144666666666666,3.0642666666666667,2.8729333333333336,1.6732666666666667,1.9906333333333335,0.6159666666666667,2
2007-01-31,0.5723333333333334,0.3053666666666667,0.6035,0.5478333333333333,0.31270000000000003,0.3055,0.42343333333333333,1.3663333333333334,2.3859333333333335,1.4084666666666665,1.3765,2.8378333333333337,3.9598333333333335,1.7827,1.8540333333333334,3.7652,2.1500333333333335,1.7046666666666668,3.0290666666666666,2.5259,1.1596666666666666,2.8388666666666666,1.8619666666666668,0.3182,2
2007-02-01,0.27853333333333335,0.31916666666666665,0.2909333333333333,0.29610000000000003,0.3044333333333334,0.6714,2.2194333333333334,3.058266666666667,3.2973333333333334,2.0541333333333336,1.4743333333333335,1.3719333333333334,0.6152,0.29806666666666665,0.3099,0.298,0.3325666666666667,0.8054,2.5809333333333333,2.9752666666666667,2.1294666666666666,1.5540999999999998,1.4993333333333332,1.3784333333333334,1
2007-02-02,0.7672,0.3079,0.29013333333333335,0.31453333333333333,0.2905,0.2654666666666667,1.2541,2.2760666666666665,1.5202666666666667,1.4969333333333334,1.6607333333333334,1.3054666666666668,0.6488333333333334,1.4698666666666667,0.8283333333333333,0.3098,0.3746,0.5165666666666666,2.2891,2.1169,1.0995333333333333,0.5883666666666667,2.3489,3.4555000000000002,1
2007-02-03,3.7147,3.4908333333333332,3.498266666666667,2.3622666666666663,2.1882,2.3264666666666667,2.080433333333333,2.048966666666667,2.1832333333333334,1.4622666666666668,1.5395666666666665,1.6489,1.5794666666666666,1.6698333333333333,3.927233333333333,2.3386333333333336,2.5464333333333333,2.4433999999999996,5.021133333333334,5.814666666666667,3.4913666666666665,3.7007333333333334,3.3509333333333333,2.7340999999999998,2
2007-02-04,5.073333333333333,4.1593333333333335,2.3560999999999996,1.9491666666666667,1.962,2.0101999999999998,2.927833333333333,1.9215666666666666,2.2655000000000003,2.7268,2.4112999999999998,1.1804,2.146066666666667,1.9549999999999998,1.4865333333333333,2.4748666666666663,3.5664333333333333,2.2996666666666665,2.6762,3.1262666666666665,3.1421,2.398,1.5812333333333333,2.1364333333333336,0
2007-02-05,0.4075333333333333,0.3451666666666667,0.3670666666666667,0.37566666666666665,0.3484666666666667,1.1524666666666665,0.6109333333333333,1.6595333333333333,2.9853333333333336,1.3600333333333334,1.3586666666666667,0.30183333333333334,0.7607,0.6321666666666667,1.0875333333333332,1.6096333333333335,0.8329666666666667,0.7617333333333334,0.9984,2.2243666666666666,3.4424333333333332,2.3350333333333335,1.0438666666666667,0.4198,1
2007-02-06,0.4016,0.7741666666666667,0.3249333333333333,0.29613333333333336,0.2711,0.3188333333333333,0.5966333333333333,1.3882333333333332,1.8561,0.9077666666666667,0.6846666666666666,0.7385333333333333,0.5483,0.8508,1.1567,1.5821,0.6899333333333334,0.6788666666666666,0.6693333333333332,0.6310333333333333,1.8967,2.7790666666666666,0.8889,0.29423333333333335,1
2007-02-07,0.31010000000000004,0.2680666666666667,0.32680000000000003,0.27390000000000003,0.27953333333333336,0.3345666666666666,2.2319,2.769833333333333,2.190433333333333,1.8933,1.3503333333333332,2.281833333333333,2.0786,1.6673666666666667,1.6462333333333334,2.6188333333333333,1.9566666666666668,1.2212,1.7720666666666667,2.4503333333333335,1.7852,3.7329,2.5022,0.8581,2
2007-02-08,0.30360000000000004,0.2927,0.26713333333333333,0.34090000000000004,0.32803333333333334,0.7444333333333333,1.1698666666666668,1.9156000000000002,1.7387666666666666,1.4494333333333331,1.3388333333333333,1.3214666666666666,1.3881666666666668,0.4029,0.33543333333333336,0.6013000000000001,0.65,1.7688666666666668,1.7721666666666667,3.3625333333333334,2.9786,2.7301333333333333,2.0262000000000002,0.7965,1
2007-02-09,0.3205666666666666,0.2912666666666667,0.3426666666666666,0.27449999999999997,0.2797,0.3046333333333333,1.0863333333333334,2.3822666666666668,1.6581000000000001,1.3389333333333333,1.3302,1.3874,0.9891666666666666,1.0277,1.4179666666666668,0.6847,0.35136666666666666,0.3254666666666666,0.5458,1.5725666666666667,2.384533333333333,2.2510333333333334,3.8357666666666663,0.6206666666666667,1
2007-02-10,0.37226666666666663,0.3233333333333333,0.37576666666666664,0.33480000000000004,0.33763333333333334,0.3533666666666667,0.8879333333333334,1.4676333333333333,1.6671,1.7970666666666666,2.2687000000000004,2.5523666666666665,2.789933333333333,2.0351666666666666,2.0697,1.5105333333333335,1.5002666666666669,1.8020666666666665,3.5159666666666665,4.7114666666666665,4.069733333333334,2.560466666666667,4.6905,3.1617,2
2007-02-11,2.3246666666666664,2.0002,1.9685,1.9515333333333333,2.0759666666666665,2.7324333333333333,2.5134333333333334,2.4083666666666668,2.6541333333333332,2.6809333333333334,2.1008666666666667,3.4398666666666666,3.7912666666666666,2.9737999999999998,3.4311333333333334,2.934466666666667,0.4385,1.5328666666666666,3.0267666666666666,3.4848,3.162,2.632766666666667,1.8428333333333333,1.4183666666666668,0
2007-02-12,1.4360333333333335,0.4513666666666667,0.33236666666666664,0.34643333333333337,0.3015,0.31666666666666665,1.8135000000000001,2.4659666666666666,2.1719999999999997,1.9933333333333334,1.3417,1.3756333333333333,0.9215666666666666,0.7283666666666666,1.3089666666666666,1.3888,0.7705333333333333,0.7217666666666667,1.0233666666666668,2.2556333333333334,3.605566666666667,2.354133333333333,0.9483333333333334,0.9199666666666667,1
2007-02-13,0.27586666666666665,0.3182,0.28886666666666666,0.2969333333333333,0.2794333333333333,0.2854,0.9443,1.6729666666666667,1.0205666666666666,0.5279666666666667,0.4956,0.5820666666666666,0.5306666666666666,0.3222,0.7677666666666667,0.4402,1.2427666666666668,1.4959333333333333,2.2465333333333333,2.4596333333333336,1.4399333333333333,3.5452999999999997,0.8668,1.2298666666666667,2
2007-02-14,0.34746666666666665,0.28393333333333337,0.29006666666666664,0.3202666666666667,0.2866,0.2891666666666667,1.6351333333333333,2.7165000000000004,2.5486333333333335,1.906,1.3256000000000001,1.9100666666666666,3.4512666666666667,2.4897,2.4302333333333332,4.364133333333333,2.181033333333333,0.9785666666666667,2.4165,2.329733333333333,1.8198333333333332,3.397366666666667,1.5866666666666667,0.3400666666666667,2
2007-02-15,0.42003333333333337,0.40436666666666665,0.3647,0.3144666666666666,0.2924333333333333,1.0677999999999999,1.6865666666666668,2.329833333333333,1.4504,1.4344666666666666,1.3697000000000001,1.3831,1.4236333333333335,1.0671666666666666,0.3267666666666667,0.32110000000000005,0.46053333333333335,0.4154666666666667,1.7775333333333334,4.1108,3.617766666666667,2.9623,2.4241333333333333,1.6640333333333333,1
2007-02-16,1.5622,0.8258666666666666,0.5310666666666667,0.5006333333333334,0.4903666666666667,0.5822333333333333,3.3264666666666667,2.4198666666666666,0.335,0.34396666666666664,0.3553,0.9893666666666667,0.3327333333333333,0.36493333333333333,0.32910000000000006,0.3252333333333333,0.3426,0.4127666666666666,1.4101333333333335,3.1297333333333333,2.8264,2.7951333333333332,2.036633333333333,1.8077333333333334,1
2007-02-17,1.5136333333333334,1.1187,0.2872,0.32380000000000003,0.3143333333333333,0.4798666666666667,0.48713333333333336,0.9733666666666667,2.6103333333333336,2.0654333333333335,0.8135333333333333,0.2861333333333333,0.44730000000000003,2.270233333333333,1.6168,1.8021666666666667,0.5690000000000001,0.43660000000000004,1.0970666666666666,2.6944333333333335,1.8740666666666668,2.7505666666666664,3.8482666666666665,3.9352333333333336,1
2007-02-18,4.465,3.8883666666666667,2.414,1.3753666666666668,0.3047666666666667,0.8426666666666667,3.5902666666666665,2.4239333333333333,3.395966666666667,3.4226,4.200566666666666,2.4564,3.6609333333333334,3.3369333333333335,3.545933333333333,1.6473,2.1613666666666664,2.1426666666666665,3.4013666666666666,3.9460333333333333,3.4008666666666665,2.628333333333333,0.7909,0.38683333333333336,0
2007-02-19,0.36666666666666664,0.8415333333333332,0.30376666666666663,0.3525,0.33316666666666667,0.31229999999999997,1.3919,1.9478,1.6239,1.3547,1.4257666666666668,1.3995666666666666,1.8071666666666668,0.9879666666666667,0.3456666666666666,0.29653333333333337,0.32836666666666664,0.5792666666666667,3.4106666666666663,4.263566666666667,3.9734,3.6578666666666666,2.6383333333333336,2.5012,1
2007-02-20,2.4887333333333337,2.396466666666667,2.4445666666666668,2.8473333333333333,2.6662666666666666,2.3634666666666666,2.8587,4.4166,3.482266666666667,2.6696666666666666,1.7668666666666666,1.6853,1.6381333333333332,1.9488666666666667,1.5639333333333334,0.3811666666666667,0.42636666666666667,0.43320000000000003,1.0013,2.0312,4.4047,2.803933333333333,1.9939,1.7858666666666667,1
2007-02-21,0.31956666666666667,0.30433333333333334,0.9351666666666667,0.30743333333333334,0.30843333333333334,0.2765333333333333,0.6152666666666666,2.0957333333333334,1.4324000000000001,1.3381666666666667,1.4221,0.6976666666666667,0.8043666666666667,0.4357,0.3365,1.7006333333333332,1.8282999999999998,2.0383666666666667,2.8592333333333335,3.0208333333333335,4.016133333333333,2.1131333333333333,2.6614666666666666,2.6804333333333332,2
2007-02-22,1.9877666666666667,2.345066666666667,2.3484,2.3737333333333335,2.2988666666666666,2.3483666666666663,3.5509,3.9635333333333334,3.5113333333333334,1.635,1.4627333333333332,1.5265,1.6751333333333334,0.34146666666666664,0.6082666666666667,0.4879,0.7076666666666667,0.7026333333333333,1.6140666666666665,4.490033333333333,3.4608333333333334,6.363866666666667,3.5155517241379313,2.9555333333333333,1
2007-02-23,1.0169333333333332,0.29629999999999995,0.3116333333333333,0.27899999999999997,0.3243,0.2627333333333333,0.2868,2.3393666666666664,2.0058,1.6670333333333334,1.5247666666666668,1.2568,1.4537333333333333,1.5165,1.4031666666666667,1.3986333333333334,1.3895000000000002,0.7157666666666667,0.3374666666666667,0.28150000000000003,0.30993333333333334,0.3268333333333333,0.3439666666666667,0.8428666666666668,0
2007-02-24,0.38206666666666667,0.30343333333333333,0.2846,1.1426666666666667,0.39333333333333337,0.26443333333333335,0.3069,0.5051333333333333,2.0233,1.7865333333333333,0.29359999999999997,0.29273333333333335,0.2642,0.3141333333333333,0.2643666666666667,0.2845666666666667,0.28543333333333337,0.7192666666666666,0.4357333333333333,0.2488,0.28146666666666664,0.29003333333333337,0.24936666666666665,0.2992666666666667,0
2007-02-25,0.2797,0.2947666666666667,0.2673333333333333,0.7442333333333334,0.5836,0.27449999999999997,0.30223333333333335,0.2532,0.28513333333333335,0.2955,0.25466666666666665,0.3136,0.26336666666666664,0.2706,1.2028,0.2662,0.2892,0.2649,0.27323333333333333,0.2816666666666666,0.2682,0.30093333333333333,0.25393333333333334,0.2788333333333333,0
2007-02-26,0.5385666666666666,0.9474,0.2965,0.2685333333333333,0.2619,0.2795333333333333,0.2843666666666667,0.2879333333333333,0.2488,0.27663333333333334,0.2771,0.7727333333333334,0.7567666666666667,0.2626,0.2633,0.3027666666666667,0.2739333333333333,0.29,0.26483333333333337,0.26276666666666665,0.2810333333333333,0.2673,0.9066666666666666,0.6027666666666668,0
2007-02-27,0.25906666666666667,0.3111333333333333,0.26086666666666664,0.28966666666666663,0.2766,0.2501,0.2922666666666667,0.2797,0.2843333333333333,1.1121333333333332,0.37503333333333333,0.3002,0.2703666666666667,0.29336666666666666,0.28513333333333335,0.2577,0.3070333333333333,0.2828333333333333,0.2679,0.3107,1.2159,0.29453333333333337,0.2675666666666666,0.29106666666666664,0
2007-02-28,0.2910333333333333,0.2592,0.31983333333333336,0.2714,0.2617333333333333,0.2979,0.3468,1.2055,0.2634,0.27086666666666664,0.29,0.2526,0.31679999999999997,0.2626,0.2525,0.30083333333333334,0.26863333333333334,0.3037,1.2500333333333333,0.2685,0.2859666666666667,0.25716666666666665,0.31503333333333333,0.26753333333333335,0
2007-03-01,0.25716666666666665,0.3080666666666667,0.27706666666666663,0.2866,0.27230000000000004,1.169,0.36513333333333337,0.26316666666666666,0.2912,0.2748666666666667,0.2517333333333333,0.2982333333333333,0.27536666666666665,0.2697,0.2795333333333333,0.27573333333333333,1.2437333333333334,0.3188666666666667,0.2785,0.2785,0.2501333333333333,0.30983333333333335,0.26786666666666664,0.26376666666666665,0
2007-03-02,0.2861,0.2836666666666667,0.2910333333333333,0.8530333333333334,0.6476000000000001,0.2927666666666667,0.2622333333333333,0.2949,0.26936666666666664,0.2502333333333333,0.2972666666666666,0.2738333333333333,0.27373333333333333,0.265,0.9330333333333333,0.6391666666666667,0.25196666666666667,0.27259999999999995,0.2824,0.2566333333333333,0.2914333333333333,0.2717333333333333,0.259,0.29606666666666664,0
2007-03-03,0.2918,0.8795333333333333,0.6689666666666666,0.2813333333333333,0.3127666666666667,0.25726666666666664,0.31133333333333335,0.2889333333333333,0.2625,0.30696666666666667,0.2825,0.2966666666666667,0.6437333333333334,0.9020333333333334,0.30676666666666663,0.2683666666666667,0.3158333333333333,0.2780333333333333,0.3708666666666666,1.5385666666666669,1.8135666666666665,1.4840333333333333,0.9681666666666667,0.3215,2
2007-03-04,0.26003333333333334,0.2666,0.31920000000000004,0.2552333333333333,0.3026666666666667,0.28490000000000004,0.678,0.6682666666666666,0.28359999999999996,0.30533333333333335,0.2676,0.2950333333333333,0.2941333333333333,1.3428666666666667,0.45713333333333334,1.9034666666666666,3.3447,4.087166666666667,4.106133333333333,5.432133333333334,4.0962,3.9417,1.335,0.3179,2
2007-03-05,0.34659999999999996,0.28196666666666664,0.3043666666666667,0.30860000000000004,0.27996666666666664,0.3169333333333333,1.5366,3.9261333333333335,1.9043999999999999,1.8917666666666666,1.3841,1.3661999999999999,0.7215333333333334,1.1054333333333333,2.5972999999999997,1.6635,2.508033333333333,2.7113,3.356533333333333,5.644900000000001,4.205433333333334,3.5115,2.1795666666666667,0.2862,2
2007-03-06,0.28956666666666664,0.2768333333333333,0.2863,0.2831666666666666,0.2700333333333333,0.286,1.6042999999999998,2.5235,1.2366333333333335,0.865,0.8563666666666666,0.6991666666666667,0.4595,0.9877333333333334,0.4003333333333333,0.3804,0.41040000000000004,0.39963333333333334,0.7203999999999999,1.9138666666666666,2.6765666666666665,1.7421666666666666,0.4897,0.7174333333333334,1
2007-03-07,0.6670333333333333,0.26199999999999996,0.30676666666666663,0.26763333333333333,0.2699,0.29916666666666664,1.7812666666666668,1.7792666666666668,2.1681999999999997,2.1449,1.4138333333333333,1.6943333333333332,1.7732999999999999,1.4198333333333333,1.4225333333333332,1.3593333333333333,1.4052666666666667,0.3545333333333333,2.5424,4.852566666666666,4.3651,3.2355333333333336,2.7918000000000003,1.0102666666666666,1
2007-03-08,0.3621,0.3624,0.7073333333333333,0.6272,0.3812,0.3553,0.6473666666666666,2.390333333333333,2.2124666666666664,1.0174999999999998,0.3797666666666667,0.35856666666666664,0.37353333333333333,0.3560333333333333,0.3579666666666667,0.3900666666666667,0.4605666666666667,0.8528666666666667,0.6077333333333333,3.5261,3.3486666666666665,3.2339333333333333,2.302433333333333,0.5907666666666667,1
2007-03-09,0.2771666666666667,0.3137,0.2969333333333333,0.2909333333333333,0.30183333333333334,0.26676666666666665,0.8120999999999999,1.9425,2.0169,2.1663,1.8763,1.7648333333333333,1.4069,1.4258,0.8615333333333334,0.39253333333333335,0.36616666666666664,0.3252,0.335,0.9824666666666667,0.3667666666666667,0.4536,1.0232666666666668,0.9447,0
2007-03-10,0.33346666666666663,0.30046666666666666,0.2946,0.9896333333333334,0.27730000000000005,0.31396666666666667,0.28236666666666665,0.6338333333333334,1.2043,2.146866666666667,3.1122666666666663,2.3634333333333335,1.8161333333333334,1.7219333333333333,2.1749666666666667,3.0733666666666664,2.222466666666667,2.2085999999999997,0.9974000000000001,3.1012,2.171466666666667,3.3368333333333333,3.417466666666667,2.917533333333333,2
2007-03-11,2.4479333333333333,2.383966666666667,2.405666666666667,2.4315,2.4163666666666668,2.4317333333333333,3.0342,3.3676000000000004,2.408466666666667,2.5860666666666665,1.3698333333333332,0.7736666666666667,1.7414666666666667,3.307666666666667,1.5499,2.5229666666666666,1.6362999999999999,1.9170333333333331,2.8393666666666664,4.6315,3.4513000000000003,2.8499666666666665,2.5206666666666666,0.9854666666666667,0
2007-03-12,0.3077333333333333,0.29150000000000004,0.3082333333333333,0.2859,0.28983333333333333,0.2853333333333333,0.8399666666666666,1.8223333333333334,2.2160333333333333,2.176933333333333,1.8868666666666667,1.9304666666666668,1.6468333333333334,0.9978333333333335,1.1734333333333333,0.9820333333333334,1.2615666666666667,1.4911999999999999,1.3965,3.3114333333333335,2.331566666666667,2.6637333333333335,2.2119,0.40196666666666664,1
2007-03-13,0.30820000000000003,0.3025,0.2969,0.3,0.28863333333333335,0.30606666666666665,1.1862333333333333,1.5631,1.3439,0.7189,0.2823333333333334,0.3172,0.29163333333333336,0.2801666666666666,0.3327666666666667,0.27286666666666665,0.33416666666666667,0.9710666666666666,1.7383333333333333,3.4551666666666665,2.115866666666667,0.6475333333333333,1.9877,1.8611666666666666,1
2007-03-14,0.4187333333333333,0.35433333333333333,0.3828666666666667,0.36933333333333335,0.3726333333333333,0.3473333333333333,1.8481999999999998,1.5980666666666667,1.3938333333333333,1.3409000000000002,0.9048999999999999,0.9797666666666667,1.915,1.4983333333333335,0.9349000000000001,0.8673333333333333,0.3016,0.3981,0.6135,3.7064666666666666,2.8312666666666666,3.6244666666666663,1.6452,1.2423333333333335,1
2007-03-15,0.5828666666666666,0.27253333333333335,0.3039,0.2859333333333333,0.7685666666666667,0.34713333333333335,1.7315333333333334,2.1025,1.3492,1.2241,1.7906333333333333,1.4723,0.4656666666666667,0.40903333333333336,0.7982666666666667,2.6659333333333333,0.8843666666666666,0.5659666666666666,2.0969333333333333,3.5762666666666667,3.3483,2.4114,1.2097000000000002,0.7505333333333333,2
2007-03-16,0.7869666666666666,0.7299333333333333,0.7721666666666667,0.7719333333333334,0.7485333333333333,0.7716333333333334,1.3043333333333333,0.9699333333333333,1.9546,2.015233333333333,1.3895333333333333,0.27886666666666665,0.3232333333333334,0.2808,0.3277,0.28053333333333336,0.3249666666666667,0.8531333333333334,3.434633333333333,3.781566666666667,1.7387000000000001,1.5273666666666665,1.8998666666666668,1.1014000000000002,1
2007-03-17,0.514,0.3001,0.2762,0.2893,0.2708333333333333,0.2826333333333333,0.634,1.270066666666667,1.7830666666666666,1.3972666666666667,1.7031666666666667,1.3826333333333334,1.5274,1.7502666666666669,1.4918333333333333,1.9276666666666666,0.8514666666666667,2.6371666666666664,2.1076333333333332,2.483766666666667,4.129833333333333,3.3809666666666667,1.1147,0.2955333333333333,2
2007-03-18,0.31533333333333335,0.27593333333333336,0.33113333333333334,0.29946666666666666,0.31756666666666666,0.5096666666666667,1.6988999999999999,3.0028,3.0983666666666663,3.292533333333333,3.5816999999999997,2.336,1.9246666666666667,1.1912333333333334,0.9765666666666667,0.42983333333333335,0.4079666666666667,0.45996666666666663,2.4544,4.1248,3.217633333333333,2.8091999999999997,1.3493333333333335,1.1124333333333332,1
2007-03-19,0.8892,0.7949666666666667,0.3441666666666666,0.27513333333333334,0.29,0.2904,1.1792,1.9795666666666667,1.8893333333333333,1.7415333333333334,1.6235666666666666,1.1347333333333334,0.47683333333333333,0.47706666666666664,1.8425,1.5519,1.5311333333333332,1.4004666666666667,1.463666666666667,3.406566666666667,4.1020666666666665,3.9539666666666666,2.088,1.1493333333333333,1
2007-03-20,0.3123666666666667,0.6383666666666666,0.6080666666666666,0.2871666666666667,0.2966333333333333,0.2734,1.0348,1.9736333333333334,2.5212333333333334,2.0329,2.334233333333333,2.0453,1.6412666666666667,0.8380333333333333,0.3249,0.2832,0.39753333333333335,0.30660000000000004,1.0046000000000002,3.1851333333333334,2.2927666666666666,5.2927,3.4215333333333335,1.4241,1
2007-03-21,1.3962999999999999,1.3607,0.46923333333333334,0.31503333333333333,0.28396666666666665,0.3156666666666667,0.6250333333333333,1.2746666666666668,1.5600999999999998,1.3327,1.4198666666666668,1.8683666666666667,2.4273666666666665,1.7462333333333333,1.4074333333333333,1.208,0.861,1.8796666666666666,1.0265666666666666,3.042466666666667,2.531566666666667,1.9094,2.9122,2.528,2
2007-03-22,2.0710333333333333,0.5722666666666666,0.3028,0.2863,0.2845333333333333,0.29760000000000003,1.3046333333333335,2.2834333333333334,1.6090000000000002,1.3746,1.3304666666666667,1.2689666666666668,0.29263333333333336,0.29286666666666666,0.45366666666666666,0.3483,0.4587,0.9169333333333333,0.5725,1.5492666666666668,0.3821333333333333,2.5913,2.0037666666666665,1.4019333333333333,1
2007-03-23,1.3924666666666667,0.9783333333333334,0.29009999999999997,0.2662,0.2676,0.2764666666666667,1.2222666666666666,1.9694,1.3058,1.3370333333333335,0.5791333333333333,0.27166666666666667,0.31636666666666663,0.2588666666666667,0.3107666666666667,0.2901666666666667,0.5427666666666667,0.7478,1.4006,1.6093333333333333,2.1736666666666666,1.5231999999999999,1.7410333333333334,0.7457666666666667,1
2007-03-24,0.27840000000000004,0.7553,0.40623333333333334,0.2818333333333333,0.26986666666666664,0.29416666666666663,0.24523333333333333,0.9754,1.5403666666666667,2.517533333333333,1.9820333333333333,1.6520666666666666,2.1284666666666667,1.9627666666666668,2.6257,3.245233333333333,2.4816000000000003,2.4093,3.0232,5.015866666666667,3.8878,3.2403,4.117866666666667,4.1373,2
2007-03-25,2.376533333333333,2.3226333333333335,2.3597333333333332,2.3583333333333334,2.3921,2.5013,2.9011666666666667,2.3221333333333334,2.8779,2.6818,2.0568,0.6764666666666667,1.8676,1.7781666666666667,2.4955333333333334,1.8217666666666665,2.2513666666666667,0.3505423728813559,1.2530000000000001,3.7449999999999997,4.446766666666666,3.5205333333333333,2.8180666666666667,1.4326666666666665,0
2007-03-26,1.2643,0.29773333333333335,0.3271,0.2736,0.2784333333333333,0.32356666666666667,0.5845333333333333,2.5576,1.5763666666666665,1.8652000000000002,1.5991666666666666,1.5655666666666666,1.0038,1.2699,0.8842,0.2937333333333333,0.30846666666666667,0.32103333333333334,0.37546666666666667,0.9225333333333333,2.1657333333333333,1.7705,1.3844666666666667,0.38836666666666664,1
2007-03-27,0.30883333333333335,0.2643666666666667,0.4684666666666667,0.7339333333333333,0.2921666666666667,0.28486666666666666,0.5945333333333332,1.2849333333333335,1.3292333333333335,0.4894,0.2795333333333333,0.2838,0.2989,0.2723333333333333,0.3302,0.29303333333333337,0.40543333333333337,0.8103666666666667,0.48073333333333335,1.5816000000000001,2.8746666666666667,2.9033333333333333,1.2182666666666668,0.3360666666666667,1
2007-03-28,0.2928,0.9240666666666667,0.3450333333333333,0.2843,0.31203333333333333,0.2845666666666667,1.2152666666666667,2.4086,2.1081,1.9341666666666666,1.3571666666666669,1.9034333333333333,1.4112333333333333,2.3760666666666665,3.3282000000000003,2.203533333333333,3.126533333333333,0.8610666666666666,0.3857,2.6782,2.7529666666666666,4.0896,1.9228333333333334,0.3928333333333333,2
2007-03-29,0.31366666666666665,0.3423333333333333,0.3084,0.34326666666666666,0.3061333333333333,0.8930333333333333,1.5596333333333334,2.2110666666666665,1.3852333333333333,1.3394333333333333,0.7243999999999999,0.28963333333333335,0.32606666666666667,0.29513333333333336,0.32536666666666664,0.3001333333333333,0.3026666666666667,0.6556,1.7980666666666667,2.606666666666667,3.019366666666667,3.3719333333333332,2.6317333333333335,0.8577999999999999,1
2007-03-30,0.3484,0.31173333333333336,0.3025333333333334,0.34986666666666666,0.297,0.2958,1.1279666666666666,2.5133,2.007233333333333,1.4048666666666667,1.4801666666666666,0.5541333333333334,0.9298333333333333,1.5360666666666667,0.9392333333333334,0.29613333333333336,0.31556666666666666,0.46603333333333335,0.3478,1.0092666666666665,2.2137333333333333,2.1831,1.5862333333333334,0.5572333333333332,1
2007-03-31,0.37466666666666665,0.3648666666666667,1.6073333333333333,2.4564000000000004,2.4092333333333333,2.4170000000000003,2.481533333333333,2.9945,2.3472999999999997,2.032,5.161066666666667,1.8562,1.511,1.72,2.2861333333333334,2.5679000000000003,2.2105,2.0474,4.061166666666667,3.4732666666666665,4.766033333333334,2.5596666666666668,2.3100666666666667,2.4766,2
2007-04-01,2.3245,1.9730999999999999,1.7731333333333335,1.1594333333333333,0.29300000000000004,0.3035,0.3228666666666667,0.9195666666666666,2.3790666666666667,1.6500333333333332,1.8921,1.8220333333333334,1.5665333333333333,1.392,1.4558,1.4655666666666667,0.34976666666666667,3.8601,3.5976,3.3129333333333335,2.2098333333333335,3.947366666666667,4.241033333333333,2.2216666666666667,2
2007-04-02,1.3777000000000001,1.3651666666666666,0.7851666666666667,0.29346666666666665,0.28200000000000003,0.33563333333333334,0.6454000000000001,2.0617666666666667,1.8515666666666666,1.4826666666666668,1.3099333333333334,1.3743,1.3238333333333334,1.4321333333333333,1.4159000000000002,0.5741999999999999,0.2892666666666666,0.32626666666666665,0.6499666666666666,2.4188666666666667,2.5702,3.1429666666666667,3.3631,2.0081666666666664,1
2007-04-03,0.33053333333333335,0.2937333333333333,0.3154333333333333,0.29686666666666667,0.2885,0.3000666666666667,0.6731333333333333,3.1462333333333334,1.4110333333333334,1.3817,1.3766666666666665,1.2338333333333333,0.35253333333333337,0.28236666666666665,0.28226666666666667,0.35500000000000004,0.28376666666666667,0.2969,1.4796333333333334,4.565633333333333,1.8340333333333334,2.307366666666667,3.1688666666666667,1.1242333333333332,1
2007-04-04,0.2936666666666667,0.3337,0.2926,0.26903333333333335,0.3209,0.2826,1.3503,1.9020333333333332,1.9694,1.4702666666666668,1.3113666666666668,1.4578666666666666,1.6333,1.4344999999999999,2.087833333333333,2.7444333333333333,2.1897,0.3529333333333333,1.4594333333333334,1.9630666666666667,1.4969333333333334,3.795866666666667,2.429333333333333,1.3567333333333333,2
2007-04-05,0.3197,0.30483333333333335,0.2763,0.2668333333333333,0.3255,0.2753,0.5920333333333333,2.8373,1.9100333333333335,1.5481666666666667,1.7163666666666666,1.4852999999999998,0.47673333333333334,0.3733,0.45383333333333337,0.5151666666666667,0.4593666666666667,0.5125,0.4661,2.6888666666666667,4.055533333333333,4.752633333333334,2.6854333333333336,1.4375,1
2007-04-06,1.3108666666666666,0.3618,0.3169,0.3434333333333333,0.36160000000000003,0.31470000000000004,0.5843333333333334,1.9139000000000002,1.9049,1.3740333333333334,1.3566333333333334,1.3402,0.3141333333333333,0.3061,0.3037,0.30373333333333336,0.47523333333333334,1.4253666666666664,3.1945666666666668,2.2208666666666668,0.6366666666666667,2.334766666666667,2.4072666666666667,1.2799666666666667,1
2007-04-07,0.9913000000000001,0.4534333333333333,0.2938,0.3004,0.3558,0.8981,0.2928,0.7162333333333333,0.6910666666666666,1.7694,2.0988333333333333,2.7292,0.5024666666666666,0.3279666666666667,0.2971666666666667,0.48973333333333335,0.5755333333333333,0.36893333333333334,0.9691333333333333,0.4204,0.34413333333333335,3.2970333333333333,3.338,3.377866666666667,1
2007-04-08,2.790766666666667,2.299,2.3448333333333333,2.3958999999999997,2.3291,2.278633333333333,1.8304,0.9048333333333333,0.5844333333333334,1.2886333333333333,0.7026666666666668,0.6233,0.5685333333333333,0.8290333333333333,1.3486333333333334,0.7199333333333333,0.26276666666666665,0.2962666666666667,0.32733333333333337,0.25953333333333334,0.3001333333333333,0.3189666666666666,0.2623,0.9476666666666667,0
2007-04-09,0.3254666666666666,0.2795333333333333,0.2781333333333333,0.32316666666666666,0.2827,0.2710666666666667,0.3326333333333333,0.27613333333333334,0.2738,0.4447,0.9258333333333334,0.2828666666666667,0.3187333333333333,0.2703666666666667,0.3060333333333333,1.1819666666666668,1.1009333333333333,1.4362666666666668,0.9898666666666667,2.414733333333333,1.6264,1.6067333333333333,0.8266666666666667,0.3072666666666667,2
2007-04-10,0.3084,0.28373333333333334,0.31116666666666665,0.3151,0.26809999999999995,0.8153,0.39120000000000005,0.2640333333333333,0.3317,0.2862666666666666,0.27299999999999996,0.3255,0.28156666666666663,0.28859999999999997,0.3214666666666667,0.28496666666666665,1.0358333333333334,0.3998333333333333,0.5624333333333333,0.5368999999999999,1.04,1.0301,1.1826666666666665,1.8182,2
2007-04-11,1.4954666666666665,1.0954333333333333,0.3873333333333333,0.3467,0.35583333333333333,0.36323333333333335,0.3567,0.3621,0.3491,1.4643000000000002,1.5774333333333332,1.3671333333333335,1.3171,0.28306666666666663,0.28523333333333334,0.33723333333333333,0.2875333333333333,0.2903,0.33113333333333334,0.2823333333333334,0.28546666666666665,0.3263333333333333,0.974,0.27086666666666664,0
2007-04-12,0.3388,0.2731333333333333,0.2684666666666667,0.3531333333333333,0.2677,0.2763,0.33536666666666665,0.2729,0.29309999999999997,0.8663333333333333,0.5862333333333333,0.30850000000000005,0.3098666666666666,0.2718333333333333,0.3002666666666666,0.31196666666666667,0.28586666666666666,0.2904666666666667,0.32503333333333334,0.27996666666666664,0.28966666666666663,1.0155333333333334,0.5554,0.2859333333333333,0
2007-04-13,0.33013333333333333,0.2662,0.3055,0.3186666666666667,0.26016666666666666,0.3202333333333333,0.3113,0.26516666666666666,0.30976666666666663,0.7940333333333334,0.7739,0.3045,0.31253333333333333,0.2908666666666667,0.2954666666666667,0.3074333333333333,0.30033333333333334,0.2906666666666667,0.3149666666666667,0.2793333333333333,0.3047,0.5406333333333334,1.0621666666666667,0.32503333333333334,0
2007-04-14,0.3115,0.25916666666666666,0.3292,0.3088666666666667,0.2648,0.33243333333333336,0.30666666666666664,0.2685333333333333,0.3262,0.2918,0.9444666666666667,0.6463666666666668,0.2866666666666667,0.3034666666666667,0.31120000000000003,0.29303333333333337,0.2846,0.32016666666666665,0.3015,0.26949999999999996,0.3419666666666667,0.3053,0.4751666666666667,1.1552333333333336,0
2007-04-15,0.30373333333333336,0.26266666666666666,0.34246666666666664,0.3020333333333333,0.2712,0.3469666666666667,0.2856333333333333,0.2877,0.3351,0.27563333333333334,0.2972666666666666,0.8408333333333334,0.7466,0.29583333333333334,0.6068333333333332,1.6890666666666665,0.8089666666666666,0.23666666666666666,0.24403333333333332,0.21556666666666668,0.20453333333333334,0.3307333333333334,1.7878333333333332,0.7848333333333333,0
2007-04-16,0.22456666666666666,0.2228,0.19723333333333332,0.2225,0.21603333333333333,0.19283333333333333,0.227,0.8111999999999999,1.2522333333333333,0.4642666666666667,0.20353333333333332,0.22703333333333334,0.5895666666666667,0.26666666666666666,0.30383333333333334,0.36056666666666665,0.3592,1.2806666666666666,1.0059,0.2529666666666667,1.3047,2.9034666666666666,1.5951333333333333,1.1892666666666665,1
2007-04-17,0.2829,0.2472,0.26616666666666666,0.27603333333333335,0.25943333333333335,0.26186666666666664,0.7011333333333333,1.8215,1.3325333333333333,1.2976999999999999,1.2908,0.8928333333333334,0.2699,0.39713333333333334,0.25816666666666666,0.25803333333333334,0.3310666666666667,0.6684333333333333,0.34009999999999996,0.9338,2.720666666666667,1.9948666666666668,2.0393333333333334,1.2539666666666667,1
2007-04-18,1.0819,0.21446666666666667,0.20193333333333333,0.2096,0.21176666666666666,0.20273333333333332,0.9385666666666667,1.5841666666666667,1.1669333333333334,0.6648666666666667,1.4671333333333334,0.545,1.0152333333333334,0.24226666666666666,0.44493333333333335,0.24106666666666668,0.22183333333333335,0.24989999999999998,0.6158333333333333,0.5843333333333334,0.44323333333333337,1.8114666666666668,1.5813666666666668,0.6969,1
2007-04-19,0.5705666666666667,0.6142333333333333,1.0151666666666666,0.367,0.36369999999999997,0.3753666666666666,0.3580333333333333,1.4950666666666668,1.2647000000000002,1.0407666666666666,0.25153333333333333,0.6238333333333334,1.2601666666666667,1.0357,0.7414666666666666,0.1934,0.20133333333333334,0.24946666666666667,1.0759666666666667,0.8295666666666667,1.4105666666666667,1.0104333333333333,0.6068,0.18946666666666667,1
2007-04-20,0.21453333333333333,0.20896666666666666,0.19669999999999999,0.19983333333333334,0.8023333333333333,0.21826666666666666,0.3001333333333333,1.7879333333333334,0.5313333333333333,0.19556666666666667,0.1757,0.21749999999999997,0.2267,0.2862,0.41133333333333333,0.2967,0.8739666666666667,0.3198666666666667,0.31783333333333336,0.3906,0.798,2.884266666666667,1.5999666666666668,0.25543333333333335,1
2007-04-21,0.1902,0.18966666666666668,0.19499999999999998,0.1792,0.20196666666666668,0.5756666666666667,0.44626666666666664,0.7729666666666667,0.20303333333333334,1.1815666666666667,0.8857,0.9943333333333333,1.4152333333333333,1.99,1.7832333333333332,1.2668,1.2872,0.6018000000000001,2.4504,2.959233333333333,1.8119,3.540233333333333,2.0921333333333334,0.6805333333333333,2
2007-04-22,0.3627333333333333,0.24339999999999998,0.2818,0.2243,0.25976666666666665,0.3282333333333333,1.5422666666666667,2.6679666666666666,2.2521666666666667,3.346766666666667,2.9219333333333335,3.041033333333333,2.235466666666667,0.8607333333333334,2.1005333333333334,0.5899666666666668,1.5805,1.1808,1.0554,2.2437666666666667,1.9152999999999998,3.0476666666666667,1.7722333333333333,1.1738333333333335,1
2007-04-23,0.37856666666666666,0.3594666666666667,0.5806333333333333,0.6598333333333333,0.39713333333333334,0.36446666666666666,0.5867333333333333,1.9815,1.9194666666666669,1.3507,1.6695,0.2981666666666667,0.4328333333333333,0.2383333333333333,0.8301,0.18856666666666666,0.16336666666666666,0.2428,0.36616666666666664,0.4894666666666667,1.1213666666666666,2.0155333333333334,0.6973,0.2441,1
2007-04-24,0.2523666666666667,0.8777333333333334,0.21843333333333334,0.30583333333333335,0.22066666666666668,0.23713333333333333,0.49693333333333334,1.4561,0.44106666666666666,0.22773333333333332,0.5445333333333333,1.4741666666666666,0.34769999999999995,0.24396666666666667,0.38656666666666667,0.30526666666666663,0.39436666666666664,0.5960333333333333,1.2531,1.2719666666666667,1.8974333333333333,2.0974333333333335,1.3585333333333334,0.2966,1
2007-04-25,0.2383333333333333,0.1944,0.19723333333333332,0.7859666666666667,0.21766666666666667,0.17893333333333333,0.7559666666666666,1.1868333333333332,1.3678666666666668,1.4058333333333333,1.4009,1.9414,1.6512666666666667,0.32103333333333334,0.22826666666666667,0.19870000000000002,0.20736666666666667,0.2338,0.2108,0.8573000000000001,1.5571333333333333,2.2429666666666668,2.8005333333333335,0.6888666666666666,1
2007-04-26,0.23573333333333332,0.17436666666666667,0.22513333333333332,0.18993333333333334,0.17273333333333335,0.23596666666666666,0.48533333333333334,1.4081666666666666,2.9603666666666664,1.8792666666666666,1.5011333333333332,0.7292666666666666,0.4549,0.5058333333333334,0.37196666666666667,0.25343333333333334,0.17096666666666666,0.9005333333333334,1.2552333333333334,1.2943,2.132433333333333,1.0579,1.8744,0.7884666666666666,1
2007-04-27,0.46129999999999993,0.6083999999999999,0.16909999999999997,0.19959999999999997,0.20233333333333334,0.17196666666666666,0.4540666666666667,0.6699666666666667,0.7864,0.28086666666666665,0.4129,0.8654,0.3900666666666667,0.4156333333333333,0.39189999999999997,0.3888333333333333,0.4436,0.3874666666666667,0.6480666666666667,1.6999666666666668,1.2825333333333333,3.103333333333333,2.5393666666666665,1.2658,1
2007-05-01,0.3038,0.2566333333333333,0.19870000000000002,0.2567666666666667,0.18943333333333331,0.33503333333333335,0.6980333333333333,0.6532333333333333,0.5747,1.3873666666666666,1.5776999999999999,2.227733333333333,1.1542666666666668,1.8507333333333333,0.9196000000000001,1.5754333333333332,0.31673333333333337,0.28463333333333335,1.8551333333333335,1.9958,2.4672666666666667,3.4521666666666664,2.1648666666666667,1.0352000000000001,2
2007-05-02,0.3903,0.40700000000000003,0.4101666666666667,0.38266666666666665,0.4358666666666667,0.346,1.3852,1.7574333333333334,1.2304,0.2764333333333333,0.18056666666666665,0.2844666666666667,0.6470666666666667,0.28219999999999995,0.28076666666666666,0.5605333333333333,0.6718,0.21863333333333335,0.24659999999999999,0.6118333333333333,1.0102333333333333,1.8092333333333335,1.2947333333333333,1.6046333333333334,1
2007-05-03,2.2316333333333334,0.5298333333333333,0.2514,0.2467666666666667,0.8815666666666666,0.24596666666666664,0.6331333333333333,0.9591999999999999,1.1908,1.1860666666666666,0.21336666666666665,0.16886666666666666,0.22569999999999998,0.185,0.23026666666666668,0.31916666666666665,0.24343333333333333,0.25106666666666666,0.7087,0.6608333333333333,1.2974666666666665,2.3568333333333333,1.7559,1.1976666666666667,1
2007-05-04,0.1843,0.22746666666666665,0.1782,0.2094,0.19623333333333332,0.17806666666666665,1.221,1.3736333333333333,0.5854333333333333,0.21016666666666667,0.16676666666666667,0.24716666666666667,0.17213333333333333,0.3705333333333333,0.3387,0.27276666666666666,0.6985333333333333,0.3831,0.29653333333333337,1.1259666666666668,3.156066666666667,2.2947333333333333,1.4969,1.0516666666666667,1
2007-05-05,0.6616333333333333,0.19476666666666667,0.22603333333333334,0.16766666666666669,0.21200000000000002,0.19666666666666668,0.18150000000000002,1.0742,1.5832666666666666,1.7776999999999998,0.5797666666666667,0.36806666666666665,0.4232666666666667,0.4637,3.2350333333333334,1.1000333333333332,1.9295333333333333,1.4870666666666668,1.7346666666666666,1.4385666666666665,1.3912,1.8911333333333333,2.0671333333333335,1.6662666666666666,2
2007-05-06,1.0857999999999999,0.6934333333333333,0.6595333333333334,1.2649000000000001,0.7298666666666667,0.7609666666666667,1.5210666666666666,0.8809333333333333,2.9134333333333333,2.8224666666666667,0.37766666666666665,0.4394666666666667,1.1086666666666667,1.5694666666666668,1.4028,1.4907666666666666,0.972,0.5289333333333334,1.2506,2.4546666666666668,2.479633333333333,2.882433333333333,3.0224333333333333,1.7231333333333334,1
2007-05-07,1.041,0.22779999999999997,0.1896,0.20393333333333333,0.22306666666666666,0.17666666666666667,0.23253333333333334,1.2517333333333334,3.4012333333333333,3.2198333333333333,2.5635,1.0238333333333334,1.5032666666666665,1.8888333333333334,0.8851666666666667,0.21906666666666666,0.4941333333333333,0.5538666666666666,1.7071666666666667,1.1506666666666667,0.2314,2.2956999999999996,1.8,0.9104,0
2007-05-08,0.9071333333333332,0.5788666666666666,0.35083333333333333,0.4658666666666667,0.5342333333333333,0.522,0.46176666666666666,0.2559,0.6392,1.0301,0.8952666666666667,1.8852666666666666,4.719133333333334,1.9964333333333333,2.2312333333333334,1.9731999999999998,0.5817,0.7085333333333333,0.89,0.9176333333333333,1.7758333333333334,2.0463,2.120233333333333,1.3348666666666666,0
2007-05-09,0.19019999999999998,0.22086666666666668,0.1813,0.20993333333333333,0.1996666666666667,0.1885,1.6091666666666666,1.5918333333333334,1.2535666666666667,1.1994666666666667,1.1743,1.0447666666666666,0.4074333333333333,1.8286333333333333,1.2998666666666667,1.5998666666666668,1.2241,0.2243,0.8139000000000001,2.8055333333333334,2.893266666666667,2.8853,2.3281,0.38839999999999997,1
2007-05-10,0.20293333333333333,0.6902666666666666,0.3628666666666666,0.17046666666666666,0.21036666666666667,0.19443333333333335,0.40096666666666664,0.9875333333333334,0.6327666666666667,0.18216666666666667,0.21153333333333332,0.18653333333333333,0.22990000000000002,0.194,0.17263333333333333,0.242,0.31333333333333335,0.7517666666666667,0.26633333333333337,0.5941,1.9637,1.808,0.5738,0.25566666666666665,1
2007-05-11,0.19236666666666666,0.21559999999999999,0.19106666666666666,0.179,0.2023,0.8155,0.22056666666666666,1.1069333333333333,1.3752,1.4076,0.5873,0.5182333333333333,0.25216666666666665,0.28043333333333337,0.42693333333333333,0.42419999999999997,0.7920333333333333,1.2489666666666668,0.6357,0.32706666666666667,0.47686666666666666,2.1751333333333336,1.3209666666666666,0.9471,1
2007-05-12,0.36996666666666667,0.19673333333333334,0.2212,0.2712333333333333,0.19806666666666667,0.23550000000000001,0.21156666666666668,0.9646666666666666,1.3306333333333336,1.2772666666666666,1.3344999999999998,0.5151666666666667,0.38503333333333334,0.9963333333333334,2.6108666666666664,1.9585000000000001,1.3023,0.9002333333333333,0.8835,2.1274333333333333,1.4145,2.9112999999999998,0.9108666666666667,0.4987333333333333,2
2007-05-13,0.43320000000000003,0.8143333333333334,0.2775666666666667,0.2602,0.22026666666666667,0.40850000000000003,0.7646666666666667,0.2639666666666667,1.0425333333333333,0.34933333333333333,0.4034333333333333,0.9947,2.679533333333333,2.1327333333333334,2.559466666666667,1.9218,2.2967,1.9813,1.1261666666666665,1.7386000000000001,1.9677,1.3564333333333332,0.8269,0.42560000000000003,2
2007-05-14,0.2796333333333333,0.7991333333333334,0.2775666666666667,0.27046666666666663,0.2838333333333333,0.2823,0.29906666666666665,2.1687,1.4546,1.3122,0.40223333333333333,0.3446666666666667,0.37743333333333334,0.39916666666666667,0.3775,0.4331,0.5442666666666667,0.6945666666666667,2.8374,2.069033333333333,2.0189333333333335,3.5612333333333335,1.8772,1.0988,1
2007-05-15,0.34959999999999997,0.3406333333333333,0.31643333333333334,0.3595333333333333,0.33496666666666663,0.3481666666666667,0.5251666666666667,1.2231666666666667,1.3567333333333333,1.3655666666666666,1.3280333333333334,0.6685666666666668,0.33340000000000003,0.375,0.3326333333333333,0.36369999999999997,0.3322333333333333,0.3706,0.7798999999999999,0.7957,0.48743333333333333,0.5271,0.7433333333333334,1.1156000000000001,0
2007-05-16,0.5815666666666667,0.2627,0.30166666666666664,0.2692,0.28886666666666666,0.2642,1.1144,1.7020333333333333,2.181366666666667,1.7710000000000001,1.8714333333333333,1.3601666666666667,2.8142,2.5225333333333335,0.7761666666666667,0.4494666666666667,0.4817,1.1704,1.2781333333333333,1.0014,1.5782,2.1179666666666668,1.4090333333333334,0.6479333333333333,0
2007-05-17,0.315,0.27213333333333334,0.3138666666666667,0.30133333333333334,0.3141,0.26853333333333335,0.30710000000000004,0.9975,0.7703666666666666,0.8212333333333334,0.3938666666666667,2.2560333333333333,0.33496666666666663,0.43546666666666667,0.8373333333333334,1.3078666666666665,0.8360666666666667,0.5872666666666666,0.8214,1.6969,1.4592666666666667,1.7545333333333335,1.5467666666666666,1.5813666666666668,2
2007-05-18,0.6975666666666667,0.30066666666666664,0.29296666666666665,0.2643,0.30343333333333333,0.2725,0.3121333333333334,1.3529666666666667,1.3974,1.3024,1.3468000000000002,0.3621666666666667,0.3689,0.8341666666666666,2.154333333333333,1.5235666666666667,0.3177333333333333,1.3616666666666668,1.1311333333333333,1.8490333333333333,3.9856666666666665,1.7981333333333334,3.1556333333333333,0.5069,2
2007-05-19,0.3315,0.27613333333333334,0.31126666666666664,0.2966,0.31743333333333335,0.27736666666666665,0.30543333333333333,1.4335,1.1694333333333333,1.2867333333333333,1.7137,0.9331333333333334,1.2997666666666667,2.628233333333333,2.0035666666666665,1.619,1.4925666666666666,1.1017666666666666,1.5778999999999999,1.2961333333333334,0.3804666666666667,0.4021666666666667,0.8064,0.5638333333333333,0
2007-05-20,0.6447333333333333,0.28683333333333333,0.3022,0.2881666666666666,0.3148,0.31229999999999997,0.9448000000000001,0.47879999999999995,1.2707333333333333,1.2235333333333334,1.2491666666666668,1.7712333333333334,0.9369999999999999,1.3776333333333333,0.41813333333333336,0.7699,1.4541333333333335,1.7220666666666666,2.4478999999999997,3.159566666666667,2.8772333333333333,4.097266666666666,2.5328999999999997,1.9244333333333334,2
2007-05-21,0.9909666666666667,0.3005333333333333,0.3310666666666667,0.31133333333333335,0.3063333333333333,0.33376666666666666,0.43496666666666667,1.5875666666666668,1.3001666666666667,1.3027333333333333,1.2838666666666667,1.2946,0.414,0.3002,0.3128666666666666,0.2771666666666667,0.30879999999999996,0.29453333333333337,0.3524,0.484,1.4173,1.787,1.6872,1.2543333333333335,1
2007-05-22,0.3032333333333333,0.27230000000000004,0.4971666666666667,0.6746666666666666,0.28336666666666666,0.2873,0.7756000000000001,1.7335333333333334,1.2620666666666667,0.7149,0.9650666666666667,0.2885,0.26430000000000003,0.3045666666666667,0.2697,0.29856666666666665,0.2638,0.30696666666666667,0.6300666666666667,1.3362666666666667,2.8975999999999997,1.442,2.4905,0.3188333333333333,1
2007-05-23,0.3387333333333334,0.26796666666666663,0.33213333333333334,0.2887,0.3025,0.2951,1.2305,1.4607333333333334,2.454,1.4437333333333333,1.314,1.5835666666666666,1.1781333333333335,1.0675,2.1582333333333334,0.8378,0.3443333333333333,0.2873,0.6636333333333333,1.0781999999999998,1.2844333333333333,1.9202666666666666,1.2296,1.0545,1
2007-05-24,0.29629999999999995,0.31470000000000004,0.2547,0.2920333333333333,0.28013333333333335,0.31266666666666665,0.49956666666666666,1.5802,1.9455333333333333,1.6469333333333334,0.6712666666666667,0.26676666666666665,0.3113666666666666,0.28543333333333337,0.3213,0.27573333333333333,0.3074,0.2939333333333333,0.3405333333333333,1.4731999999999998,1.5781333333333334,2.5698,2.4270666666666667,0.6950999999999999,1
2007-05-25,0.3408333333333333,0.30376666666666663,0.807,0.4093666666666667,0.3219,0.28853333333333336,1.3586666666666667,1.8878333333333333,1.8216,1.2985,0.8529333333333333,0.3100333333333333,0.28150000000000003,0.3238333333333333,0.2955,0.33543333333333336,0.28933333333333333,0.4046,1.763966666666667,2.8727333333333336,3.5732666666666666,4.474733333333333,1.9809666666666668,0.30683333333333335,1
2007-05-26,0.32230000000000003,0.6891,0.49310000000000004,0.30033333333333334,0.31516666666666665,0.2954,0.2928,0.3092333333333333,0.6547000000000001,2.1260333333333334,0.43776666666666664,1.0480666666666667,1.6398333333333333,1.8128666666666668,1.6316333333333333,1.8972333333333333,0.9474666666666667,0.9364,0.3873666666666667,2.1315,1.4151333333333334,1.6299,2.0290333333333335,1.4617666666666667,2
2007-05-27,0.41763333333333336,0.3191333333333333,0.31356666666666666,0.28623333333333334,0.33113333333333334,0.3606,0.5841666666666666,0.4547,1.1606666666666667,1.1156,0.5043,0.9506,2.2269666666666668,1.2815666666666667,3.8568333333333333,3.7474333333333334,2.4502666666666664,4.114133333333333,2.818566666666667,1.9841333333333333,1.9598,2.592566666666667,1.5809333333333333,0.4852666666666667,2
2007-05-28,0.41446666666666665,0.47159999999999996,0.9065,0.3311,0.3221,0.32530000000000003,0.2948,0.5472666666666667,0.33363333333333334,1.3660333333333334,1.3213000000000001,1.3219666666666667,1.3307333333333333,1.8652,1.024,0.9189333333333333,1.1212333333333333,1.0932,2.7952,2.7769666666666666,2.4017333333333335,2.3489333333333335,0.8962333333333333,0.7627,2
2007-05-29,0.4064,0.7657,0.3216,0.30413333333333337,0.31679999999999997,0.2952666666666667,1.2595,1.1240333333333332,1.5439,0.8938,0.7913,0.8617333333333334,0.6686,0.30523333333333336,0.2763666666666667,0.3007,0.2749666666666667,0.8906666666666666,0.29943333333333333,0.6861333333333334,0.6839666666666666,2.480233333333333,1.6279666666666666,0.31056666666666666,1
2007-05-30,0.27040000000000003,0.2970333333333333,0.2631,0.2744,0.2808,0.27896666666666664,1.3678333333333332,1.9511,1.8437,1.2646000000000002,1.2933,1.4671999999999998,1.4935666666666667,0.7070666666666666,0.30416666666666664,0.7424666666666667,1.5959666666666665,2.5984,0.6791666666666667,1.5683333333333331,2.220566666666667,2.229,1.1139666666666665,0.7260000000000001,1
2007-05-31,0.9330333333333333,0.2592,0.30413333333333337,0.26476666666666665,0.2875333333333333,0.25956666666666667,0.7012666666666667,0.8706,1.1375666666666668,0.2596333333333333,0.27449999999999997,0.2751,0.2893666666666667,0.2901666666666667,0.2567333333333333,0.29996666666666666,0.2518666666666667,0.5485000000000001,1.0583333333333333,1.3004,1.6833666666666667,1.9996333333333332,1.483,0.3542666666666667,1
2007-06-01,0.3391,0.3252333333333333,0.29306666666666664,0.3269666666666666,0.2692333333333333,0.3203333333333333,1.5049,1.7525333333333333,1.3319666666666667,1.2846333333333333,1.3280333333333334,1.2770666666666666,1.1880333333333333,0.29893333333333333,0.3138666666666667,0.28409999999999996,0.31993333333333335,0.32363333333333333,0.34446666666666664,0.5585762711864407,1.357,0.9878,0.7767666666666667,0.3184333333333333,1
2007-06-02,0.4891333333333333,0.3074,0.2714666666666667,0.31306666666666666,0.6406,0.6840666666666666,0.27666666666666667,0.6442333333333334,0.47276666666666667,2.4007,1.1893666666666667,1.9896333333333334,0.3973333333333333,0.8903,1.2205333333333332,1.4534666666666667,1.4119,2.6614999999999998,1.9722,3.1521,0.7354666666666667,0.39166666666666666,0.3597,0.4141,2
2007-06-03,0.5942000000000001,0.8926333333333333,0.41809999999999997,0.28490000000000004,0.32053333333333334,0.27243333333333336,0.3092333333333333,0.27076666666666666,0.6724,1.0115,2.0703666666666667,3.189833333333333,2.579133333333333,3.7924999999999995,1.6592,1.1365666666666667,1.3807666666666667,0.9857999999999999,1.3115999999999999,1.5743,1.5952666666666668,3.6062999999999996,3.3832666666666666,1.8221666666666667,2
2007-06-04,0.35350000000000004,0.3481666666666667,0.26443333333333335,0.785,0.3281,0.30516666666666664,0.5405,1.4913999999999998,1.3209000000000002,1.2679666666666667,0.9641,0.2660666666666667,0.30996666666666667,0.26780000000000004,0.2438,0.28636666666666666,0.3144666666666666,0.2597,1.6472666666666667,1.5132,0.5702,0.5064666666666666,0.48516666666666663,0.5539333333333333,1
2007-06-05,1.5753666666666668,0.4691666666666666,0.2542666666666667,0.3109,0.32536666666666664,0.24646666666666667,1.1370666666666667,1.4175,1.3132,0.6849000000000001,1.4636,1.5978333333333334,0.41683333333333333,0.33266666666666667,0.7716,0.8969333333333334,0.6828666666666667,0.8823666666666666,0.42416666666666664,2.0161666666666664,1.8438333333333332,0.6462666666666668,2.2967999999999997,2.3087333333333335,1
2007-06-06,1.7536666666666667,1.1379666666666668,0.3239,0.2925333333333333,0.2407,0.2721,1.7429999999999999,1.5333333333333334,1.5423333333333333,1.4501666666666668,1.3619999999999999,1.3731666666666666,0.7542000000000001,0.5180333333333333,1.3020666666666665,0.6951999999999999,1.0038,0.43729999999999997,0.5142,2.5439999999999996,2.0327333333333333,2.2084745762711866,2.1159,1.1133333333333333,1
2007-06-07,0.31283333333333335,0.2427666666666667,0.24273333333333333,0.31176666666666664,0.26083333333333336,0.2302,0.6252,1.2491333333333334,1.3164,1.2506,0.3301,0.2698,0.24136666666666665,0.3046333333333333,0.5695,0.7521333333333333,0.7816333333333333,0.8278666666666666,1.0022666666666666,1.3088000000000002,1.2681333333333333,1.2845666666666666,1.0703333333333334,0.36310000000000003,1
2007-06-08,0.3082333333333333,0.2403,0.2624666666666667,0.3181333333333333,0.2414,0.2304,0.29733333333333334,0.9536666666666667,1.3665333333333334,1.9549999999999998,3.1212666666666666,2.4880333333333335,2.604966666666667,2.9242,2.7681666666666667,1.5385333333333333,0.3917,2.1574,2.1447,3.0398333333333336,4.200566666666666,1.1967666666666665,0.5419333333333333,0.5092333333333333,2
2007-06-09,0.4748,0.8487333333333333,0.29600000000000004,0.277,0.27466666666666667,0.3111333333333333,0.27366666666666667,0.6029333333333333,0.9625666666666667,0.8283666666666666,1.2195666666666665,0.5215254237288135,0.44776271186440675,0.8028666666666667,1.0436333333333334,0.40876666666666667,0.6839999999999999,0.5842142857142857,1.8708571428571428,1.1951666666666667,1.3728333333333333,1.3624666666666667,1.1803333333333332,0.8726,2
2007-06-10,0.6424666666666667,0.28013333333333335,0.3331,0.2829333333333333,0.2377,0.8051666666666667,0.20983333333333334,0.19499999999999998,0.4568333333333333,0.33243333333333336,2.0135666666666667,2.1807333333333334,1.6012333333333333,2.2255,2.1692000000000005,0.8196,1.0755000000000001,1.2284666666666666,0.18109999999999998,0.7302,0.6524666666666666,0.8451666666666667,2.0976666666666666,0.7508666666666667,0
2007-06-11,0.39580000000000004,0.23979999999999999,0.22583333333333336,0.2323,0.20866666666666667,0.23073333333333332,1.1009333333333333,1.6075000000000002,1.5193333333333332,1.2108999999999999,1.1493,0.19863333333333333,0.22446666666666668,0.21243333333333334,0.1837,0.21983333333333333,0.19013333333333332,0.2191,0.26466666666666666,0.8828999999999999,0.21786666666666665,0.9396333333333333,0.7707999999999999,0.5989666666666668,1
2007-06-12,0.9585333333333333,0.19636666666666666,0.15596666666666667,0.20446666666666669,0.18846666666666667,0.16693333333333332,0.4116666666666667,0.3328,0.4304,0.43696666666666667,1.1307,0.39613333333333334,0.4429666666666667,0.18719999999999998,0.21486666666666665,0.21873333333333334,0.9012,0.3233,2.0773,1.8655333333333333,0.5606333333333333,1.8061,1.0337,0.6718333333333334,2
2007-06-13,0.2124,0.7974666666666667,0.1918,0.2315,0.17863333333333334,0.20133333333333334,0.35810000000000003,1.3043666666666667,1.4243999999999999,0.7701,0.23306666666666667,0.36873333333333336,0.46163333333333334,0.3675666666666667,1.3363666666666667,0.6825666666666667,0.2551,0.1681,0.5158666666666666,1.1274000000000002,1.4064666666666668,1.1914333333333333,1.2756666666666667,0.39446666666666663,1
2007-06-14,0.20023333333333332,0.1694,0.22196666666666667,0.18996666666666667,0.16726666666666665,0.1934,0.4859666666666667,1.6520333333333332,1.2737,1.2338999999999998,0.618,0.1793,0.20406666666666667,0.2011,0.1753333333333333,0.2088,0.18676666666666666,0.21459999999999999,1.8494333333333333,3.232966666666667,2.2472333333333334,1.3814666666666668,1.3463666666666667,3.1514666666666664,1
2007-06-15,1.5665333333333333,0.25820000000000004,0.2303,0.22503333333333334,0.20733333333333331,0.1663,0.9539000000000001,1.0298666666666667,1.9974,0.6828333333333333,0.2566,0.8345666666666667,0.20713333333333334,0.17566666666666667,0.16873333333333335,0.18636666666666668,0.2790666666666667,0.4574666666666667,1.9054333333333335,0.6936333333333333,1.5352666666666666,1.3108333333333335,0.7485666666666667,0.41636666666666666,1
2007-06-16,0.2939,0.2673,0.21443333333333334,0.21850000000000003,0.21966666666666665,0.7779333333333334,0.4447,0.27466666666666667,0.6589333333333334,1.1873333333333334,2.195133333333333,1.5968333333333333,1.6142,1.9337333333333333,1.7903666666666667,1.9122666666666668,1.8192,2.2093333333333334,2.8394666666666666,2.5027,3.3408333333333333,2.1058,1.4670999999999998,1.7450333333333332,2
2007-06-17,0.9746666666666667,1.4394333333333333,1.2749,0.772,0.20773333333333335,0.18123333333333333,0.23423333333333335,0.15386666666666668,0.2054,1.1718000000000002,1.3454333333333333,1.7403666666666666,0.8041666666666667,2.6301,2.3437666666666668,0.7660333333333332,2.2092,1.1353333333333333,3.9889,3.0634333333333332,2.2801,2.5750666666666664,0.7361000000000001,0.21823333333333333,2
2007-06-18,0.2439,0.2298,0.19093333333333332,0.13873333333333332,0.17173333333333335,0.17033333333333334,0.7175999999999999,1.2887666666666666,1.4134666666666669,1.2375,0.48639999999999994,0.20049999999999998,0.17363333333333336,0.16033333333333336,0.19253333333333333,0.1712,0.20436666666666667,0.15750000000000003,0.20270000000000002,0.8342333333333334,1.0810333333333333,0.5473,0.7303999999999999,0.36300000000000004,1
2007-06-19,0.5632333333333333,0.7368333333333333,0.142,0.19526666666666667,0.15899999999999997,0.19106666666666666,1.3477333333333334,1.7554,0.8271333333333334,0.6639,0.3750666666666667,0.3305666666666667,0.9802758620689656,0.17096666666666666,0.22053333333333333,0.1983,0.25466666666666665,0.2653333333333333,0.4845,0.7592666666666666,0.734,1.5709666666666666,0.5917333333333333,0.5542666666666667,1
2007-06-20,0.16046666666666667,0.2084,0.15673333333333334,0.17886666666666665,0.16206666666666666,0.16113333333333335,0.5783333333333334,1.6705666666666665,1.463,0.8501333333333333,0.2476,0.3600333333333333,0.4311,0.3837,0.5998333333333333,1.1939333333333333,0.42446666666666666,0.2155,0.21370000000000003,1.5902666666666667,2.0438,3.2391,1.1121666666666667,0.2598666666666667,1
2007-06-21,0.20403333333333332,0.1828,0.19133333333333333,0.24606666666666666,0.25223333333333336,0.42383333333333334,2.0013,1.3592000000000002,1.1240999999999999,0.2642333333333333,0.2132,0.18083333333333332,0.1857,0.2704666666666667,0.26443333333333335,0.22766666666666666,0.185,0.27246666666666663,0.7021666666666667,0.3167666666666667,0.40909999999999996,1.3087333333333333,2.1668666666666665,0.49656666666666666,1
2007-06-22,0.2915,0.265,0.22543333333333332,0.19646666666666668,0.42719999999999997,0.6936666666666668,0.6362,0.8199666666666666,1.2185,0.9289000000000001,0.263,0.2461,0.21316666666666664,0.19266666666666668,0.18409999999999999,0.2512333333333333,0.24956666666666666,0.22133333333333333,0.5595333333333333,0.44253333333333333,0.2546,0.2551,0.22216666666666668,0.1803,0
2007-06-23,0.17636666666666664,0.2551333333333333,0.2462,0.197,0.17556666666666665,0.23506666666666667,1.0278666666666667,0.24113333333333334,0.18393333333333334,0.17893333333333333,0.20800000000000002,0.4109,0.2614,0.1779,0.17709999999999998,0.23779999999999998,0.2552333333333333,1.2166666666666666,0.9134,0.21516666666666667,0.2622333333333333,0.26439999999999997,0.23793333333333333,0.2041,2
2007-06-24,0.1953,0.27976666666666666,0.37156666666666666,0.2126,0.9952333333333333,0.21696666666666667,0.2677333333333333,0.25816666666666666,0.20436666666666667,0.1995333333333333,0.22013333333333335,0.2642,0.3108333333333333,0.19706666666666667,0.3626333333333333,1.2107333333333334,1.1229,1.2723333333333333,0.6053333333333334,0.40249999999999997,0.4390333333333334,0.5833666666666667,0.7872666666666667,0.9313666666666667,2
2007-06-25,0.42633333333333334,0.2342,0.2531,0.21183333333333335,0.17293333333333333,0.17709999999999998,0.6647666666666667,1.5571333333333333,1.2336666666666667,1.2037666666666667,0.29886666666666667,0.24383333333333332,0.23926666666666666,0.1997,0.1751,0.20453333333333334,0.30096666666666666,0.32453333333333334,0.8325333333333333,0.2096333333333333,0.9533666666666666,3.5683333333333334,2.7121333333333335,1.4724,1
2007-06-26,0.6793333333333333,0.6067666666666667,0.21773333333333333,0.2707333333333333,0.24323333333333333,0.18586666666666665,0.5065000000000001,1.4264333333333332,1.3072666666666666,0.9823999999999999,0.18213333333333334,0.2041,0.25566666666666665,0.22380000000000003,0.178,0.1913,0.24739999999999998,0.24843333333333334,0.8272666666666667,0.43233333333333335,0.45766666666666667,0.7689333333333334,3.5618,1.5433666666666668,1
2007-06-27,0.2218,0.27270000000000005,0.2446,0.2086,0.20796666666666666,0.27443333333333336,1.2687,2.3322333333333334,2.0502333333333334,1.3119333333333332,1.2728333333333335,0.2680666666666667,0.1873,0.37496666666666667,0.48460000000000003,0.23243333333333333,0.1898,0.2174333333333333,0.3267,2.7719666666666667,3.0546,4.597966666666666,1.8931333333333336,0.4154333333333334,1
2007-06-28,0.33513333333333334,0.2856666666666667,0.22606666666666667,0.23366666666666666,0.2933,0.38833333333333336,0.6747,0.5777333333333333,0.5171666666666667,1.4513333333333334,1.6878,1.2461666666666666,1.2488666666666668,0.9129666666666666,0.24936666666666665,0.22163333333333332,0.22000000000000003,0.286,1.8199,2.7903666666666664,2.5907,1.3761333333333332,1.4414333333333333,0.5162,2
2007-06-29,0.6719,0.1947333333333333,0.20356666666666667,0.25880000000000003,0.2431,0.18733333333333332,0.1766,0.25223333333333336,1.3581,0.2060677966101695,0.48160000000000003,1.9816,1.7695333333333332,1.5431333333333332,0.4877,0.3506,0.375,0.5146,1.5191666666666668,2.1142333333333334,1.2815666666666667,3.119966666666667,1.5143,0.9346333333333334,2
2007-06-30,0.25953333333333334,0.2525,0.1986,0.18433333333333335,0.2691,0.3091,1.8606666666666667,1.2586000000000002,0.8959333333333334,0.22693333333333332,0.20743333333333333,0.22690000000000002,0.35383333333333333,0.26753333333333335,0.2946666666666667,0.4097,1.4455,2.0327,1.4677333333333331,2.8872333333333335,2.3630333333333335,1.7208333333333334,1.2358333333333331,1.627,2
2007-07-01,2.493733333333333,0.9909,0.7898999999999999,0.2874666666666667,0.5155333333333334,0.49173333333333336,0.4356666666666667,0.4426,0.5233,0.9098666666666666,1.3105666666666667,1.2982,0.5107333333333334,0.24323333333333333,0.3590666666666667,0.3640666666666667,0.31320000000000003,0.27386666666666665,0.9509333333333333,0.6199333333333333,0.6071000000000001,0.9037000000000001,1.0532333333333335,0.4225333333333333,0
2007-07-02,0.2535,0.2182,0.1717,0.18723333333333333,0.25206666666666666,0.23206666666666667,0.5578,1.3633,0.45403333333333334,0.21383333333333335,0.17616666666666667,0.19419999999999998,0.24339999999999998,0.21066666666666667,0.16383333333333333,0.1925,0.7561333333333333,0.3721333333333333,0.1961,0.6820333333333333,2.0822,2.6667,3.1056666666666666,1.1717333333333333,1
2007-07-03,0.5056333333333334,0.3362,0.30573333333333336,0.2812,0.25016666666666665,0.27213333333333334,0.3101333333333333,2.0768,1.3089000000000002,1.2535,0.30269999999999997,0.26713333333333333,0.23393333333333335,0.24096666666666666,0.2904,0.25806666666666667,0.2297,0.26276666666666665,0.8507999999999999,0.5990333333333333,0.6688666666666666,1.3588666666666667,3.9486333333333334,1.2529333333333335,1
2007-07-04,0.8224333333333333,0.22896666666666665,0.265,0.30606666666666665,0.24776666666666666,0.23143333333333332,0.6696666666666666,2.7878666666666665,1.3192666666666668,1.2617666666666667,0.4079,0.27776666666666666,0.24509999999999998,0.21036666666666667,0.24506666666666668,0.28513333333333335,0.21713333333333334,0.2023,0.8283333333333334,2.5251333333333337,1.0106666666666666,0.40216666666666673,0.38883333333333336,1.3373666666666668,1
2007-07-05,0.34049999999999997,0.3172333333333333,0.27626666666666666,0.23470000000000002,0.2399,0.23220000000000002,0.22023333333333334,1.0726,1.3316000000000001,1.2965333333333333,0.2875666666666667,0.17843333333333333,0.19943333333333332,0.2810666666666667,0.26486666666666664,0.3061666666666667,0.25693333333333335,0.2575,0.6029333333333333,1.8819666666666668,2.0064,1.6526999999999998,2.7036333333333333,1.1801333333333333,1
2007-07-06,0.5148666666666667,0.2771,0.23173333333333332,0.17933333333333332,0.19,0.5633666666666667,0.4718,0.6962333333333334,0.9249333333333334,0.5650333333333334,0.19646666666666668,0.1764,0.18013333333333334,0.1898,0.22836666666666666,0.2612,0.2592666666666667,0.25626666666666664,1.1343666666666665,1.4512,2.5566999999999998,4.272233333333333,1.5467000000000002,0.5019,1
2007-07-07,2.5234666666666663,2.5258333333333334,0.6127333333333332,0.20066666666666666,0.23413333333333333,0.24366666666666664,0.18753333333333336,1.3544333333333334,1.5129333333333332,1.1470666666666667,0.20443333333333333,0.30826666666666663,0.31443333333333334,1.1797,1.4693666666666665,0.524,0.2404,0.8343666666666666,0.8737666666666667,0.5650999999999999,1.8113,1.4561666666666668,1.5608333333333335,0.7521666666666668,0
2007-07-08,0.37353333333333333,0.34446666666666664,1.0587666666666666,1.3588666666666667,0.7249333333333333,0.275,0.21236666666666668,0.21583333333333335,0.2842333333333333,0.2208,0.7537666666666667,1.5892333333333333,0.8344333333333334,0.7904333333333333,0.9149999999999999,0.2763,0.21130000000000002,2.0980666666666665,1.3372333333333333,0.6863,0.6626,0.25786666666666663,0.8311333333333334,1.8388666666666666,0
2007-07-09,1.5821333333333334,0.27476666666666666,0.22443333333333332,0.19113333333333332,0.2585,0.22166666666666668,0.21673333333333333,1.4233,1.2164,1.2917333333333334,1.2819666666666667,1.3559666666666668,0.6604333333333333,0.3206,0.2657333333333333,0.2707,1.0860666666666667,0.24256666666666668,0.3806,0.4798666666666667,0.7137,1.1809333333333332,2.6201,1.9092666666666667,1
2007-07-10,1.3040666666666667,0.30883333333333335,0.21433333333333332,0.2237,0.26713333333333333,0.21,0.2152,1.9449,1.2707333333333333,0.40963333333333335,0.2587,0.2074,0.2003,0.22743333333333335,0.2334,0.6812333333333334,0.3331,0.25666666666666665,0.20353333333333332,0.6885333333333333,0.6024666666666667,1.2428666666666668,3.2528333333333332,0.3817333333333333,1
2007-07-11,0.23113333333333333,0.2069,0.2592,0.20553333333333335,0.193,0.5888000000000001,0.7587333333333334,0.9147,1.8009666666666666,1.7923666666666667,1.2259666666666666,0.43716666666666665,0.22056666666666666,0.18636666666666668,0.24080000000000001,0.2245,0.19176666666666667,0.2652333333333333,0.5689333333333334,0.6275,0.2281,0.24093333333333333,0.2044,0.22563333333333332,0
2007-07-12,0.5117999999999999,0.7896666666666667,0.22726666666666667,0.23003333333333334,0.19543333333333335,0.22063333333333332,0.23873333333333333,0.38983333333333337,1.1666999999999998,0.7565333333333334,0.1828,0.218,0.23676666666666665,0.29536666666666667,0.2094,0.2476,0.19410000000000002,1.0477666666666667,0.8781,2.152433333333333,2.0498,2.8588666666666667,2.0732333333333335,0.4555,1
2007-07-13,0.3141333333333333,0.21683333333333332,0.22263333333333335,0.3064,0.21280000000000002,0.21943333333333334,0.2964333333333334,1.7369999999999999,1.4925,1.326,0.779,0.21126666666666666,0.28393333333333337,0.20473333333333335,0.2275333333333333,0.2741,0.2508666666666667,0.20926666666666666,0.4295666666666667,1.201,0.8173666666666667,0.49556666666666666,0.9159,0.5954333333333334,1
2007-07-14,1.1096,0.2731,0.18963333333333335,0.22266666666666665,0.2311,0.18339999999999998,0.22083333333333333,0.4776666666666667,0.6206333333333334,0.7864,1.7913666666666666,1.8119333333333332,0.4691666666666667,0.38533333333333336,1.6420333333333335,0.7905666666666666,1.3296,0.5833333333333334,0.9205333333333333,3.7519,0.9326666666666666,0.7075666666666667,1.6453666666666666,0.39309999999999995,2
2007-07-16,0.4954666666666666,0.2416333333333333,0.26486666666666664,0.28146666666666664,0.21726666666666666,0.2674,0.4516666666666666,1.3750666666666667,1.2586666666666666,0.3597666666666666,0.2329,0.2467,0.32880000000000004,0.7162333333333333,0.6943333333333332,0.8036,0.20553333333333332,0.3985333333333333,0.7001000000000001,0.9101,1.2389000000000001,0.7665666666666666,1.3103,0.46203333333333335,1
2007-07-17,0.2574666666666667,0.24296666666666666,0.1981,0.2592,0.23366666666666666,0.2055,0.458,0.9568666666666666,2.014866666666667,0.7480666666666667,0.2303,0.201,0.2337,0.24186666666666667,0.19490000000000002,0.2346,0.2502666666666667,0.19536666666666666,0.9325666666666667,0.5344,0.6625333333333334,0.9732,1.2974999999999999,0.23696666666666666,1
2007-07-18,0.22319999999999998,0.24656666666666668,0.1955333333333333,0.20383333333333334,0.2526,0.17906666666666665,0.6247,1.9317,2.1119,1.6259333333333332,1.179633333333333,0.20563333333333336,0.21623333333333333,0.2429,0.19043333333333334,0.21446666666666667,0.25129999999999997,0.23346666666666666,0.3858333333333333,0.8807666666666666,0.19963333333333333,0.23083333333333333,0.3888,0.20306666666666665,1
2007-07-19,0.21656666666666666,0.2564666666666667,0.19626666666666667,0.21186666666666668,0.26103333333333334,0.6043666666666667,1.0932666666666668,0.6854333333333333,0.8957666666666667,0.2147,0.2573666666666667,0.19899999999999998,0.19943333333333332,0.2703333333333333,0.18823333333333334,0.2145,0.2609,0.37929999999999997,0.8407,0.6910666666666666,1.505,0.7977333333333334,0.3392666666666667,0.5195333333333333,1
2007-07-20,0.21026666666666666,0.2809,0.21463333333333334,0.1986,0.2627333333333333,0.872,0.19666666666666668,0.5454333333333333,0.2748666666666667,1.3376333333333332,0.9104666666666666,0.3487,0.5723333333333334,0.8397333333333333,0.4025666666666667,0.6279333333333333,0.33493333333333336,1.0357333333333334,2.8128333333333333,1.9397,1.0839333333333334,1.4036333333333333,1.5177333333333334,0.2830666666666667,2
2007-07-21,0.18796666666666667,0.22183333333333335,0.22026666666666667,0.18496666666666664,0.22013333333333335,0.2242,0.41803333333333337,1.6949333333333334,1.3896000000000002,0.7021333333333334,0.4149333333333333,1.2938666666666667,0.8366,1.0579666666666667,1.1162666666666667,0.2783333333333333,0.3688333333333333,0.5116666666666666,1.5055333333333332,1.4326666666666665,0.8811666666666667,0.33776666666666666,0.3215,1.8496333333333332,0
2007-07-22,0.5271333333333333,0.6544000000000001,0.19763333333333336,0.1869,0.19603333333333334,0.18226666666666666,0.1857,0.9997666666666667,0.2438,0.3758,2.565433333333333,3.0332333333333334,1.8959666666666666,1.3721999999999999,1.4790666666666668,0.2837,0.26203333333333334,0.6127,0.5360677966101695,1.9210666666666667,0.34550000000000003,1.8363333333333334,2.1050666666666666,0.9407,0
2007-07-23,0.22616666666666668,0.19646666666666668,0.22033333333333335,0.20373333333333335,0.19546666666666665,0.20733333333333331,0.6541,0.21293333333333334,0.45826666666666666,0.5338333333333334,1.4376,1.2020333333333333,2.7018666666666666,0.4112,0.7401333333333333,0.5129666666666667,1.0384,0.28226666666666667,0.43166666666666664,0.8225,1.4617333333333333,1.1663999999999999,1.0159,0.18366666666666667,0
2007-07-24,0.18380000000000002,0.16736666666666666,0.6773666666666666,0.1892333333333333,0.17366666666666666,0.16849999999999998,0.17936666666666667,1.4249666666666667,1.4556666666666667,1.1966666666666665,1.1793333333333333,0.7412333333333334,0.19306666666666666,0.18613333333333332,0.18676666666666666,0.19729999999999998,0.17716666666666667,0.23066666666666666,0.35333333333333333,1.4400000000000002,0.40273333333333333,0.7234333333333333,0.6725,1.2544666666666666,1
2007-07-25,0.259,0.22376666666666667,0.8511,0.232,0.19916666666666666,0.19993333333333335,0.4311,0.7793666666666667,0.9407333333333334,0.186,0.1843,0.1842666666666667,0.17689999999999997,0.19403333333333334,0.19256666666666666,0.18203333333333335,0.18623333333333333,0.4939,0.6024333333333334,0.20206666666666667,0.18783333333333332,0.1788,0.3598,0.24866666666666667,0
2007-07-26,0.18666666666666665,0.3594666666666667,0.7557666666666666,0.18676666666666666,0.19503333333333334,0.19006666666666666,0.385,0.6762666666666667,1.6676666666666666,1.5946,0.18460000000000001,0.19183333333333333,0.1794666666666667,0.17993333333333333,0.188,0.19193333333333334,0.18903333333333333,0.21206666666666668,0.9732333333333333,2.473066666666667,1.7570000000000001,1.9306666666666668,0.3509,0.20929999999999999,1
2007-07-27,0.19353333333333333,0.7964666666666667,0.18263333333333334,0.19523333333333334,0.18623333333333333,0.17056666666666667,0.1797,1.9568333333333332,1.6151333333333333,1.6405333333333334,0.1789,0.1930333333333333,0.18196666666666667,0.17993333333333333,0.4686,1.3765,1.3214666666666666,1.3177999999999999,0.7019333333333333,0.7575666666666667,1.3708666666666667,1.8083666666666667,2.2491,0.8190000000000001,1
2007-07-28,0.4467333333333333,0.19803333333333334,0.2034,0.19726666666666667,0.21466666666666664,0.1767,0.2016,0.4151666666666667,0.8167000000000001,0.6552,1.2508666666666666,1.6769666666666665,2.172366666666667,2.702,1.6169666666666667,1.9266666666666667,1.4924,2.0474,1.0952333333333333,2.9890666666666665,2.253133333333333,1.3790666666666667,0.7140333333333333,0.1894,2
2007-07-29,0.1695,0.1728333333333333,0.1819,0.15976666666666667,0.18403333333333333,0.16570000000000001,0.17396666666666669,0.7329333333333333,0.16356666666666667,0.17206666666666667,0.17123333333333335,0.1646,0.16466666666666668,0.16686666666666666,0.1642,0.17220000000000002,0.17079999999999998,0.16223333333333334,0.5861999999999999,0.48706666666666665,0.16166666666666668,0.17086666666666667,0.16733333333333336,0.16573333333333334,0
2007-07-30,0.1718,0.16613333333333333,0.1641,0.17286666666666667,0.16476666666666664,0.16113333333333332,0.9250666666666666,0.3044,0.15583333333333332,0.17376666666666668,0.16786666666666666,0.26043333333333335,0.1656,0.17099999999999999,0.14816666666666667,0.16740000000000002,0.17513333333333334,0.19293333333333335,1.1914333333333333,0.7488666666666667,0.28663333333333335,0.23663333333333333,0.4259,0.8824,2
2007-07-31,0.2692333333333333,0.1654,0.16756666666666667,0.16323333333333334,0.16853333333333334,0.1690333333333333,0.1563,0.16656666666666667,0.17043333333333335,0.15223333333333333,0.9379000000000001,0.24396666666666667,2.0913,1.1843333333333335,0.2668,0.35706666666666664,0.8629,0.32713333333333333,0.41226666666666667,0.9070333333333332,1.9210666666666667,1.2277333333333333,0.8306666666666668,0.22016666666666665,2
2007-08-01,0.1649,0.1759,0.22726666666666664,0.1756,1.2182666666666668,0.8023333333333333,0.495,0.16233333333333333,1.0637435897435896,2.1480666666666663,1.4781666666666666,1.4462666666666666,1.2482333333333335,1.1753333333333333,1.7353999999999998,1.2739333333333334,1.6293333333333335,0.3405666666666667,0.18536666666666665,0.19816666666666669,0.16513333333333333,0.1903,0.17733333333333334,0.16766666666666669,0
2007-08-02,0.1935666666666667,1.9576666666666667,0.9549,0.1821,0.18116666666666667,0.1768,0.16566666666666666,0.18736666666666668,0.17503333333333335,0.6222,1.4473999999999998,1.6185,1.2912333333333335,1.1685666666666668,1.1564666666666665,1.1912999999999998,0.18223333333333336,0.1791333333333333,0.17676666666666666,0.17333333333333334,0.17626666666666668,0.1641,1.2709666666666666,1.9975333333333334,0
2007-08-03,1.0709000000000002,0.497,0.6033333333333334,0.4867666666666667,0.2857,0.16066666666666668,0.17673333333333333,0.8925333333333333,1.1779666666666666,1.4727666666666666,1.3431,1.7108333333333334,1.7135,1.1756333333333333,1.2030333333333334,1.2387666666666666,0.22623333333333334,0.21513333333333332,0.20713333333333334,0.21303333333333332,0.22780000000000003,0.1954,0.2104,1.0183666666666666,0
2007-08-04,1.1316333333333333,0.5033666666666666,0.45680000000000004,1.1893666666666667,0.18256666666666668,0.15753333333333333,0.16706666666666664,0.183,0.4439666666666666,1.3689333333333333,1.8412333333333335,1.9806666666666668,1.4775666666666667,1.3692,1.3592666666666666,0.6397999999999999,0.34173333333333333,0.36489999999999995,0.3316,0.3561666666666667,0.3322,0.35710000000000003,0.3415,2.2060000000000004,0
2007-08-05,1.8041666666666667,0.8731666666666666,0.2063,0.21706666666666669,0.22603333333333334,0.19223333333333334,0.20166666666666666,0.2014,0.21536666666666668,1.3082333333333334,1.6886,1.6755666666666669,1.2364666666666666,0.5048,0.17793333333333333,0.20243333333333335,0.1756666666666667,0.20190000000000002,0.18723333333333333,0.18693333333333334,0.19693333333333335,0.17606666666666668,0.48546666666666666,0.5766666666666667,0
2007-08-06,0.9658666666666667,1.471,0.5881000000000001,0.18626666666666666,0.1804,0.19746666666666668,0.1779,1.2873666666666668,1.7768666666666666,2.2215,1.8368,1.7381333333333333,1.2423333333333335,0.7363999999999999,0.24096666666666666,0.2171,0.21309999999999998,0.21976666666666667,0.21523333333333333,0.23043333333333335,0.19916666666666666,0.219,0.1959,1.604933333333333,0
2007-08-07,2.1369666666666665,0.7489666666666667,0.21956666666666666,0.22703333333333334,0.24216666666666667,0.15476666666666666,0.17416666666666666,0.16703333333333334,1.3373,1.4842000000000002,1.857,1.4727,1.3067666666666666,1.1713333333333333,1.4780000000000002,1.4001333333333332,1.7640666666666667,1.9875666666666667,1.3085,0.7838999999999999,0.7898999999999999,0.7883666666666667,0.8029333333333334,0.923,0
2007-08-08,1.9969,1.1965666666666666,1.1693666666666664,0.5250333333333334,0.17456666666666668,0.16666666666666666,0.1741,0.16699999999999998,0.5895666666666667,2.1077666666666666,2.6611333333333334,1.739,1.2720666666666667,1.2473333333333334,1.2461666666666666,0.4185,0.21316666666666667,0.23986666666666664,0.21086666666666665,0.20359999999999998,0.22433333333333333,0.19883333333333333,0.21806666666666666,0.3975666666666667,0
2007-08-09,2.6874,1.0255333333333332,0.17783333333333334,0.19593333333333335,0.19516666666666665,0.1764,0.1642,0.5945333333333332,1.523,1.1525333333333334,2.3234666666666666,2.7738,1.8688,1.1723000000000001,0.37110000000000004,0.15216666666666664,0.1732,0.16616666666666668,0.14903333333333332,0.1665,0.17816666666666667,0.14696666666666666,0.16219999999999998,0.16493333333333335,0
2007-08-10,1.0812,0.5234333333333333,0.16340000000000002,0.1461,0.17816666666666667,0.1625,0.15146666666666667,0.1626,1.6386333333333334,2.0162,2.3195333333333332,1.7298333333333333,1.1718,1.2063333333333333,1.1890666666666665,0.7370333333333333,0.20553333333333335,0.19003333333333333,0.17466666666666666,0.20666666666666667,0.18626666666666666,0.17383333333333334,0.20373333333333335,1.2154666666666667,0
2007-08-11,1.3562,0.1970333333333333,0.19119999999999998,0.17696666666666666,0.19196666666666667,0.1992,0.17716666666666667,0.18996666666666667,0.9556666666666666,1.7487,1.7231333333333334,2.6036,1.2135333333333334,1.2071,1.1754666666666664,1.1813333333333333,1.1996333333333333,0.7569333333333332,0.16596666666666668,0.1754666666666667,0.15383333333333335,0.1693666666666667,0.16406666666666667,0.9206666666666667,0
2007-08-12,0.7925666666666668,0.26983333333333337,0.8995,0.3001,0.15563333333333332,0.15716666666666665,0.17606666666666668,0.16173333333333334,1.0474333333333334,2.099333333333333,1.7933666666666668,1.2133666666666665,1.1854333333333333,0.8378333333333333,0.1726,0.16863333333333333,0.16760000000000003,0.17396666666666669,0.169,0.17186666666666667,0.16590000000000002,1.0192333333333332,2.765833333333333,4.6344,0
2007-08-13,1.9824333333333333,1.2445,0.6244666666666666,0.2009,0.18796666666666667,0.2007,0.19756666666666664,0.3340666666666667,1.4565333333333332,1.4322666666666666,1.5104,1.1943,1.1582666666666666,1.1628666666666667,1.1864666666666668,1.1807333333333332,0.3938333333333333,0.1701,0.16840000000000002,0.17153333333333334,0.16040000000000001,0.18489999999999998,0.8161,1.8971666666666667,0
2007-08-14,0.9433,0.16383333333333333,0.1744,0.16673333333333332,0.1752,0.17003333333333334,0.15106666666666665,0.21616666666666667,1.5527666666666666,1.4540666666666666,2.3496,1.2027666666666665,1.2182333333333333,1.0116333333333334,0.19313333333333332,0.21913333333333332,0.20876666666666666,0.20956666666666665,0.21233333333333335,0.21443333333333334,0.21813333333333332,0.1969,1.1878666666666668,1.8764333333333334,0
2007-08-15,2.0585333333333335,1.4714,0.7849,0.2049,0.19386666666666666,0.20546666666666666,0.2071,0.15866666666666665,0.4011333333333333,1.3701333333333332,2.8270666666666666,2.419766666666667,1.4184333333333332,1.2311666666666667,1.2319666666666664,1.1735666666666666,0.16443333333333332,0.1865666666666667,0.17773333333333333,0.16566666666666666,0.18296666666666667,0.16793333333333335,0.18243333333333334,1.2785333333333333,0
2007-08-16,1.6635,0.5608,0.2830666666666667,0.17563333333333334,0.15146666666666667,0.18983333333333335,0.1610333333333333,0.6603333333333333,1.9825333333333333,1.6787666666666667,1.5979333333333334,1.7586000000000002,1.2552666666666668,0.6347,0.18526666666666666,0.1881,0.1583,0.18816666666666665,0.17393333333333333,0.16783333333333333,0.17713333333333334,0.17266666666666666,0.18246666666666667,1.6276000000000002,0
2007-08-17,2.735,1.2365333333333333,0.7259666666666666,0.17673333333333333,0.16973333333333332,0.1723,1.3424333333333334,3.1444666666666667,2.0024333333333333,1.2141,0.9059333333333334,0.17976666666666666,0.15366666666666667,0.17383333333333334,0.16973333333333332,0.16696666666666668,0.1664,0.17103333333333334,0.17486666666666667,0.15463333333333334,0.9921333333333333,0.1690333333333333,0.15646666666666667,0.17736666666666664,0
2007-08-18,0.16603333333333334,0.1650333333333333,0.16666666666666666,0.16286666666666666,0.17726666666666666,0.15413333333333332,0.16146666666666668,0.2899333333333333,0.9335333333333333,0.16913333333333333,0.1561,0.16776666666666668,0.17356666666666667,0.14893333333333333,0.17263333333333333,0.1690333333333333,0.16576666666666667,0.17263333333333333,0.14896666666666666,0.6883333333333332,0.5997666666666667,0.16069999999999998,0.1689,0.16016666666666665,1
2007-08-19,0.1766,0.15656666666666666,0.1617,0.18243333333333334,0.15366666666666667,0.17236666666666667,0.15813333333333332,0.9244666666666667,0.40396666666666664,0.14796666666666666,0.1782,0.1624,0.16153333333333333,0.314,0.4342333333333333,2.3622,3.6961333333333335,2.252733333333333,2.6860666666666666,2.7963666666666662,2.7615333333333334,2.3858666666666664,0.6673666666666667,0.2084,2
2007-08-20,0.17980000000000002,0.1762,0.20246666666666666,0.189,0.1744,0.16590000000000002,0.1716,1.4004666666666665,0.9097666666666666,1.2909,1.5262666666666669,0.4399666666666667,2.1887666666666665,1.4444333333333332,0.7647333333333334,1.8436666666666668,2.0570666666666666,0.9635,0.8969333333333334,2.130533333333333,1.1968999999999999,0.34336666666666665,0.5872333333333334,1.0701666666666667,2
2007-08-21,0.21223333333333333,0.20143333333333333,0.21703333333333333,0.1933,0.1833,0.19063333333333335,0.1782,1.0215666666666665,1.4377666666666669,0.45236666666666664,0.17856666666666668,0.18256666666666668,0.1736,0.17286666666666667,0.18326666666666666,0.17936666666666667,0.16916666666666666,0.3459333333333333,0.6432,0.3541666666666667,1.0978333333333334,1.7088999999999999,0.8316666666666667,0.20033333333333334,1
2007-08-22,0.2001,0.8160666666666666,0.18853333333333336,0.16576666666666667,0.18009999999999998,0.1658,0.16906666666666667,0.6119666666666668,1.6683,1.3052,1.1736666666666666,0.17953333333333335,0.16553333333333334,0.1765,0.16853333333333334,0.16613333333333333,0.18460000000000001,0.17213333333333333,2.3677333333333332,3.2391333333333336,2.1529666666666665,1.4283666666666666,2.0455,1.0722333333333334,1
2007-08-23,0.20946666666666666,0.18116666666666664,0.6008,0.4578333333333333,0.18833333333333335,0.17543333333333333,0.6376666666666666,1.9921666666666666,1.9909666666666666,0.8887333333333333,0.233,0.22690000000000002,0.27706666666666663,2.4528000000000003,1.3168,0.2852,0.261,0.39266666666666666,0.8254666666666667,1.7171666666666667,0.6782333333333334,0.8321666666666666,0.5617333333333333,1.1557666666666668,1
2007-08-24,0.8634333333333334,0.3499333333333333,0.7383666666666666,0.25630000000000003,0.19783333333333333,0.16590000000000002,0.24863333333333332,0.6197333333333332,1.6047,1.4147,1.1560333333333332,0.29736666666666667,1.1072333333333333,1.4423333333333335,2.5673000000000004,1.3097666666666667,0.32503333333333334,0.2713,1.108677966101695,2.8103,2.7214,1.7526666666666666,1.4985333333333335,2.794566666666667,2
2007-08-25,3.5055,0.7538,0.19893333333333332,0.23393333333333333,0.23553333333333332,0.19226666666666667,0.22293333333333332,0.22093333333333334,0.17186666666666667,1.0415,0.32443333333333335,0.3471666666666667,0.33486666666666665,0.7643666666666667,1.8134666666666668,1.9946333333333333,2.0240666666666667,0.9052666666666667,1.6269,0.9185666666666666,0.3285,0.35356666666666664,0.3265333333333333,0.3418,0
2007-08-26,0.4655666666666667,0.6723333333333332,0.3449666666666667,0.24889999999999998,0.21246666666666666,0.18186666666666668,0.20703333333333335,0.24106666666666668,0.1932333333333333,1.1820333333333333,0.5655333333333333,2.2077,2.4343999999999997,1.4210333333333334,3.7632,1.0223666666666666,0.36023333333333335,0.37876666666666664,0.4590666666666667,0.8117666666666667,1.5046333333333335,2.2107666666666663,0.5734333333333334,0.2527333333333333,0
2007-08-27,0.2717,0.2548666666666667,0.2657333333333333,0.23816666666666667,0.24956666666666666,0.26183333333333336,0.7986333333333333,1.0682666666666667,1.7709666666666666,1.8057,1.3028,1.2803666666666667,0.3590666666666667,0.2494,0.26483333333333337,0.23623333333333332,0.2435,0.2611,0.2703666666666667,0.23099999999999998,1.075,2.7933333333333334,1.6486333333333334,2.9944333333333333,1
2007-08-28,2.2551,0.2840333333333333,0.40063333333333334,0.26463333333333333,0.19046666666666665,0.2196,0.1738,1.3056333333333332,1.1733666666666667,0.8211333333333334,0.9915333333333334,1.2164333333333335,0.8102333333333332,0.3628,0.2031,0.7324333333333333,0.2424,0.20236666666666667,0.2904666666666667,1.1943,0.2857333333333333,0.3978,1.9688666666666668,0.6298666666666667,0
2007-08-29,0.2349,0.23826666666666665,0.21613333333333334,0.19790000000000002,0.5426333333333333,0.4287,0.21533333333333332,1.3871666666666667,1.8076,1.7267666666666666,0.374,0.1762,0.21816666666666668,0.18616666666666667,0.1986,0.26253333333333334,0.17726666666666666,0.23516666666666666,0.3380666666666666,1.5772000000000002,0.9566666666666667,0.3637666666666667,0.20783333333333334,0.1995,1
2007-08-30,0.21046666666666666,0.5316666666666666,0.4441333333333333,0.18780000000000002,0.19063333333333335,0.18156666666666668,0.3673,0.5831,1.7162,0.7404,0.1828,0.5097666666666666,0.8889666666666667,0.8121333333333334,0.16049999999999998,0.20606666666666668,0.19226666666666667,0.1995333333333333,1.7480666666666667,2.8546,1.4065,1.91,3.0620333333333334,0.7544666666666667,1
2007-08-31,0.43073333333333336,0.37393333333333334,0.3887333333333334,0.3777,0.37453333333333333,0.39676666666666666,0.8707666666666667,1.6160999999999999,1.4546666666666668,1.5753,1.2282666666666666,1.2384333333333333,0.5122666666666666,0.16666666666666666,0.20323333333333332,0.17703333333333332,0.34013333333333334,0.2632333333333333,0.4025666666666667,1.9778333333333333,2.727333333333333,2.017533333333333,1.1441333333333332,1.0724666666666667,1
2007-09-01,0.2733,0.22653333333333334,0.2033,0.22690000000000002,0.19580000000000003,0.21853333333333333,0.4420333333333334,0.7444666666666666,0.4581,1.6304666666666667,1.3175999999999999,0.5453666666666667,0.42033333333333334,1.2691666666666668,1.8585333333333334,2.2353,1.9774333333333334,1.5199666666666667,1.8147333333333333,1.773,1.5179333333333334,2.4732666666666665,1.8575666666666666,3.158466666666667,2
2007-09-02,1.6863666666666668,0.49593333333333334,0.2351,0.20653333333333335,0.1782,0.2296,0.15733333333333333,0.23466666666666666,0.6740999999999999,1.0750666666666668,0.46786666666666665,0.5051666666666667,1.1435666666666668,1.9033666666666667,1.9665,2.5211333333333332,1.9808,1.9610333333333334,2.9593,0.964,1.1472666666666667,2.1876666666666664,1.1259333333333332,1.7013,2
2007-09-03,0.5579333333333333,0.226,0.25103333333333333,0.23536666666666667,0.23286666666666667,0.2524,0.45559999999999995,1.1913666666666667,1.9167333333333334,2.6153666666666666,2.011066666666667,0.6585333333333333,0.26539999999999997,0.18723333333333333,0.2363,0.22136666666666666,0.20763333333333334,0.24480000000000002,0.391,1.4492666666666667,1.2314666666666667,1.2336333333333334,0.5534666666666667,0.4895333333333333,1
2007-09-04,0.5908,0.17373333333333332,0.25083333333333335,0.17193333333333335,0.23333333333333334,0.17943333333333333,0.48629999999999995,0.8204333333333333,1.3848999999999998,1.1190666666666667,1.3060666666666667,1.5748333333333333,2.5192666666666668,1.3884666666666665,0.7200000000000001,0.4331333333333333,1.6548666666666667,1.2473333333333334,1.5022666666666666,1.6971999999999998,2.695266666666667,3.2361,0.6832666666666667,0.3469,2
2007-09-05,0.2749333333333333,0.19393333333333332,0.8404333333333334,0.2149,0.21673333333333333,0.23413333333333333,1.7656333333333334,2.194033333333333,2.8744666666666663,0.6951999999999999,0.19843333333333335,0.2655666666666667,0.17396666666666666,0.26463333333333333,0.17816666666666667,0.24106666666666668,0.19606666666666667,0.35196666666666665,0.713,0.8013333333333333,1.7855999999999999,3.1208,1.6311,1.1834333333333333,1
2007-09-06,1.1688333333333332,0.28736666666666666,0.20126666666666668,0.1875,0.24756666666666666,0.18883333333333333,1.1387333333333334,1.9108666666666667,1.2525333333333333,0.39976666666666666,0.18356666666666666,0.2006,0.22820000000000001,0.18573333333333333,0.22553333333333334,0.20663333333333334,0.18186666666666668,0.42613333333333336,0.5869333333333333,0.40103333333333335,0.2743333333333334,2.6461333333333332,1.9459666666666666,0.3486333333333333,1
2007-09-07,0.17336666666666664,0.7918333333333333,0.30413333333333337,0.18753333333333336,0.22053333333333333,0.15166666666666667,1.4784666666666666,1.8474666666666666,1.8688333333333333,1.7716333333333334,1.2112666666666667,1.2471333333333334,1.0327,0.19643333333333332,0.23156666666666667,0.17830000000000001,0.25056666666666666,0.20386666666666667,0.2720666666666666,2.6643,2.4988666666666663,2.2298,0.7883,0.4743,1
2007-09-08,0.32236666666666663,0.17436666666666667,0.2513666666666666,0.16846666666666668,0.21366666666666667,0.20163333333333336,0.8010666666666667,0.3575333333333333,0.577,1.2149333333333334,0.9839,1.5129333333333332,0.35603333333333337,0.7617999999999999,0.3370666666666667,2.8711333333333333,2.4853333333333336,1.4775666666666667,1.4618333333333335,0.9116666666666667,2.258,2.6646,1.4491333333333334,0.6824666666666667,2
2007-09-09,0.32126666666666664,0.19803333333333334,0.21356666666666665,0.2279,0.18556666666666669,0.2622666666666667,0.1654,0.7391333333333333,0.6585333333333333,0.4234,0.7369666666666668,1.6705333333333334,2.1677666666666666,1.4597,3.1095333333333333,1.5031333333333334,1.1326,0.6202666666666666,1.8247333333333333,2.828233333333333,2.130666666666667,2.567266666666667,1.3591666666666666,1.4860666666666666,2
2007-09-10,1.2898,0.5638000000000001,0.1719,0.22913333333333333,0.16820000000000002,0.22476666666666667,1.5117666666666667,1.8460333333333334,0.24616666666666667,0.16843333333333332,0.2539333333333333,0.17153333333333334,0.21556666666666666,0.2208,0.19243333333333332,0.30193333333333333,0.7040000000000001,0.20893333333333333,0.3153666666666667,0.6713333333333333,3.3248666666666664,3.539533333333333,1.6900333333333333,0.39266666666666666,1
2007-09-11,0.2016,0.23426666666666665,0.17783333333333334,0.18863333333333332,0.22093333333333334,0.1571,1.0285,1.0229666666666666,0.21243333333333334,0.19116666666666668,0.17236666666666667,0.2234,0.16266666666666665,0.4623,0.2848,0.7646999999999999,1.2780999999999998,0.7109000000000001,0.25753333333333334,0.23700000000000002,1.0319666666666667,2.4115666666666664,3.3426,1.4175333333333335,1
2007-09-12,1.2853999999999999,1.2629333333333332,1.2444666666666668,0.18889999999999998,0.23026666666666668,0.19883333333333333,0.5462666666666667,1.4821666666666669,1.1515333333333333,0.2395,0.1728333333333333,0.7002333333333334,0.24833333333333335,0.30820000000000003,0.23133333333333334,0.19883333333333333,0.22476666666666664,1.1936,0.33699999999999997,0.47586666666666666,1.8821,3.3821,3.3181333333333334,0.9591333333333334,1
2007-09-13,0.2415,0.20723333333333332,0.179,0.2313,0.1873,0.21396666666666667,0.6441666666666667,1.7195333333333334,1.723833333333333,0.25020000000000003,0.22553333333333334,0.16190000000000002,0.5649,0.9429666666666667,0.5823,0.7393333333333333,0.6671666666666667,0.6930666666666666,0.5266333333333333,0.6396999999999999,2.062333333333333,3.6003333333333334,1.7617333333333332,0.3404333333333333,1
2007-09-14,0.39916666666666667,0.33693333333333336,0.3598,0.37479999999999997,0.4922,0.8374,1.2214,2.1035,1.8820666666666668,1.1892333333333334,0.9848333333333332,0.20729999999999998,0.17643333333333333,0.24266666666666667,0.18756666666666666,0.2094,0.23163333333333333,0.20256666666666667,0.24043333333333333,0.6164000000000001,2.2497666666666665,1.9501333333333333,1.276,0.9528666666666666,1
2007-09-15,0.47756666666666664,0.8940333333333333,0.23343333333333333,0.27113333333333334,0.2813333333333333,0.2492,1.1803333333333332,1.8015666666666668,1.7972,1.2954333333333332,0.8137666666666666,0.24726666666666666,0.37283333333333335,0.30673333333333336,1.1973666666666667,1.3045333333333333,0.23756666666666665,0.3035,0.2564666666666667,0.21093333333333333,1.8210666666666666,0.8571333333333333,1.0257666666666667,0.8190333333333333,1
2007-09-16,0.3886,0.21733333333333332,0.20006666666666667,0.8020666666666667,0.23363333333333333,0.1669,0.18089999999999998,0.22566666666666665,0.2561333333333333,0.5154333333333334,0.9935333333333334,2.1733666666666664,0.7062,0.7081666666666667,1.4416,1.6207666666666667,0.7415333333333333,1.2663,2.1512666666666664,2.1076333333333332,3.8139666666666665,3.0623666666666667,2.0181,1.5455333333333334,2
2007-09-17,0.4546333333333334,0.2382,0.20716666666666667,0.20046666666666668,0.24656666666666668,0.17350000000000002,0.7613333333333333,1.3000666666666667,2.0740666666666665,0.9765333333333334,0.22466666666666668,0.16143333333333335,0.2376,0.18536666666666665,0.2012,0.22243333333333334,0.2056333333333333,0.17673333333333333,1.0714000000000001,3.2882666666666664,1.9746,5.735766666666667,2.8106,1.2248666666666668,1
2007-09-18,0.21166666666666664,0.16876666666666665,0.23600000000000002,0.1635,0.1862,0.21443333333333334,1.4560333333333333,2.253333333333333,1.6571,0.6907,0.2085,0.18533333333333335,0.17583333333333334,0.21246666666666666,0.16773333333333335,0.211,0.1869,1.0388333333333333,2.2822666666666667,1.1918333333333335,1.2772666666666666,1.9039333333333335,2.2991333333333333,0.8799,1
2007-09-19,0.20909999999999998,0.21430000000000002,0.17596666666666666,0.18433333333333335,0.21473333333333333,0.17736666666666664,1.4289999999999998,1.6900000000000002,1.2012,1.1257666666666666,0.20786666666666667,0.1563,0.23256666666666667,0.297,1.5717333333333334,1.3711666666666666,1.6319666666666668,2.9622333333333333,1.0023,0.8641333333333333,2.043966666666667,1.7648333333333333,0.6816,0.2353,2
2007-09-20,0.1947,0.7143333333333334,0.15053333333333332,0.23686666666666667,0.15543333333333334,0.194,0.9017666666666667,2.2220333333333335,1.9913999999999998,1.7318666666666664,1.2071333333333334,0.33366666666666667,0.14866666666666667,0.2152,0.20086666666666667,0.165,0.23466666666666666,0.17416666666666666,0.1602,0.8263,1.9642000000000002,2.6852333333333336,2.3381333333333334,1.7791666666666666,1
2007-09-21,0.5798666666666666,0.1764,0.17946666666666664,0.2092,0.1751333333333333,0.15560000000000002,1.5262666666666667,1.9173,1.2253,1.231,0.5378333333333333,0.18403333333333333,0.20733333333333331,0.1509333333333333,0.22133333333333333,0.17783333333333334,0.1662,0.22473333333333334,0.32736666666666664,3.5337666666666667,3.2487333333333335,2.569733333333333,1.3951,0.32586666666666664,1
2007-09-22,0.17386666666666667,0.19876666666666667,0.23196666666666665,0.1884333333333333,0.18713333333333332,0.21753333333333333,0.7936666666666666,0.46723333333333333,1.8279666666666665,1.2453666666666665,1.2029,0.6487999999999999,0.5132,0.7308666666666667,2.0192666666666668,1.1896,1.3348666666666666,0.33030000000000004,0.3950666666666667,0.9426666666666667,1.3424666666666667,2.6877333333333335,0.46613333333333334,0.2670666666666667,2
2007-09-23,0.23993333333333336,0.24156666666666665,0.23823333333333335,0.23320000000000002,0.5041666666666667,0.5046333333333333,0.24569999999999997,0.34983333333333333,0.8470666666666666,0.9893,1.7283333333333333,0.73,0.6388666666666667,0.4043333333333334,0.3491666666666667,0.9575,1.5134666666666667,1.3330666666666666,1.3373666666666668,2.5889666666666664,3.2852666666666663,2.5538000000000003,1.6194333333333333,0.19963333333333333,2
2007-09-24,0.15986666666666668,0.183,0.1608,0.17806666666666665,0.16263333333333332,0.22343333333333334,1.3701666666666665,1.9995,1.2754,1.2574333333333334,0.23006666666666667,0.22573333333333334,0.22856666666666667,0.22976666666666665,0.23156666666666667,1.6588666666666667,1.9198666666666666,2.6368,0.6062666666666666,1.0125,3.4757666666666664,2.6238666666666663,0.35090000000000005,0.17466666666666666,1
2007-09-25,0.16133333333333333,0.22326666666666664,0.5070666666666667,0.34313333333333335,0.18906666666666666,0.17843333333333333,0.6530333333333334,2.4086333333333334,3.3474999999999997,1.8348666666666666,1.8094666666666666,1.7837333333333334,1.6401666666666666,0.7912666666666667,0.7837,0.7971333333333334,0.7619333333333334,0.7371333333333333,0.7517999999999999,0.7768666666666667,2.9916666666666667,2.7256,2.4158,0.7931,1
2007-09-26,0.3309333333333333,0.25536666666666663,0.2876666666666667,0.2729,0.2884,0.298,1.6402333333333334,2.0698666666666665,2.0486,1.517,0.36196666666666666,2.427333333333333,1.6747666666666667,0.2702,0.32066666666666666,1.6360333333333335,1.8679,1.1673,1.2961666666666667,1.6395000000000002,2.340034482758621,4.821866666666667,0.9096666666666666,0.7067,1
2007-09-27,0.6063,0.3093666666666667,0.2894,0.2938,0.3228666666666667,0.2594,0.2937333333333333,2.6262333333333334,2.9656666666666665,1.9100666666666666,1.3688333333333333,0.9556333333333333,0.2571,0.28363333333333335,0.31479999999999997,0.27323333333333333,1.0382333333333333,0.33216666666666667,0.2927666666666667,1.0631333333333333,2.2929999999999997,3.0206666666666666,1.3126,0.5273666666666667,1
2007-09-28,0.32553333333333334,0.2539333333333333,0.8623999999999999,0.3377,0.26789999999999997,0.26633333333333337,1.7083333333333333,2.1347,3.5643000000000002,2.5247,2.7821333333333333,2.5125333333333333,1.3914666666666666,1.4559,0.5568666666666666,0.31926666666666664,0.39189999999999997,0.5576000000000001,0.6147666666666667,1.1028,1.1720333333333335,1.6618666666666668,0.8861000000000001,0.35723333333333335,0
2007-09-29,0.2969,0.26566666666666666,0.3411666666666667,0.32589999999999997,0.2750333333333333,0.28336666666666666,0.3499333333333333,1.1443666666666668,1.9707999999999999,1.5330333333333332,1.3909999999999998,2.1850333333333336,3.001733333333333,2.7749666666666664,0.9232666666666667,1.5120666666666667,3.195266666666667,2.0625666666666667,1.5307333333333333,2.2257333333333333,3.2855666666666665,2.4087,3.4907666666666666,1.5018,2
2007-09-30,0.33196666666666663,0.3122333333333333,0.26033333333333336,0.34450000000000003,0.2909,0.2816666666666666,0.30293333333333333,1.3282666666666667,0.3690333333333333,1.8471666666666666,1.6782666666666666,2.8233,0.9623,0.5211,1.2933,0.6153,0.3352333333333333,0.9848666666666667,0.6871333333333334,2.122133333333333,2.8034666666666666,1.988,1.4234666666666667,1.3646333333333334,1
2007-10-01,0.456,0.2863,0.3108333333333333,0.25093333333333334,0.2776666666666667,0.30863333333333337,0.6104,1.5635333333333332,1.4218666666666666,3.3244,3.2075666666666667,1.4254333333333333,0.33846666666666664,0.2853,0.3374333333333333,0.3198666666666667,1.2145666666666666,1.3820333333333332,1.2278666666666667,1.841,1.4026666666666665,1.7908,2.6975333333333333,2.4009333333333336,1
2007-10-02,1.9885333333333333,0.49896666666666667,0.31873333333333337,0.35123333333333334,0.29923333333333335,0.27609999999999996,0.3076,1.6571666666666667,2.1467666666666667,1.8330999999999997,2.0342333333333333,2.2138666666666666,1.4183999999999999,1.7473999999999998,2.0945,2.7799666666666667,2.6210333333333335,1.7884,2.292466666666667,2.2506666666666666,1.9102,1.9472999999999998,1.5017,0.3701666666666667,2
2007-10-03,0.26896666666666663,0.3559333333333334,0.2814,0.7598,0.3089,0.31246666666666667,1.1957,2.455366666666667,1.8078333333333334,1.1562,0.28986666666666666,0.494,0.45293333333333335,1.5052666666666668,1.7909333333333335,0.4350333333333333,0.27976666666666666,0.27196666666666663,1.0054,1.4284999999999999,0.4799666666666667,2.7941999999999996,0.8599,0.3506,1
2007-10-04,0.33046666666666663,0.31786666666666663,0.29290000000000005,0.3052,0.9777,0.2858,1.2007333333333332,1.9291666666666667,1.9858333333333333,1.326,1.3197,1.3155000000000001,1.3272666666666666,0.31476666666666664,0.28559999999999997,0.28313333333333335,0.3811333333333333,0.29386666666666666,1.0865,3.1870666666666665,3.394633333333333,1.8819333333333332,0.9713333333333334,0.31353333333333333,1
2007-10-05,0.30376666666666663,0.28783333333333333,0.2812,0.2866666666666667,0.2739333333333333,0.8622,1.0602,1.6207333333333334,1.5264333333333333,1.5303333333333333,1.9439,1.6295666666666666,1.3652333333333333,1.3558666666666668,1.0295666666666667,0.3169666666666667,0.32853333333333334,0.33359999999999995,0.3821333333333333,1.8528666666666667,1.9946666666666666,1.1685666666666668,1.1332666666666666,0.3668333333333333,1
2007-10-06,0.3925666666666666,0.3469666666666667,0.2595,0.30183333333333334,0.737,0.46049999999999996,0.2748666666666667,0.6402333333333333,1.7192666666666667,1.3387666666666669,1.4317666666666669,2.5620333333333334,0.8432,0.8673,1.4397666666666666,1.7990666666666668,0.5178333333333334,1.3082,2.6618333333333335,2.4730666666666665,1.9555666666666667,1.9151,1.683,1.3414333333333335,2
2007-10-07,0.45103333333333334,0.4200333333333333,0.3986666666666666,0.3994,0.38926666666666665,0.8398,0.32853333333333334,0.3179666666666667,0.6574333333333333,0.4057,1.0681,2.181966666666667,2.3026333333333335,3.1195666666666666,2.106266666666667,2.1776,1.7881333333333334,1.0508666666666666,1.0246,3.1595333333333335,4.0393,3.5105666666666666,1.5824666666666665,1.3824666666666665,2
2007-10-08,0.3449666666666667,0.3436,0.3198,0.30673333333333336,0.30516666666666664,0.31403333333333333,0.49853333333333333,1.4812333333333332,1.3795,0.34286666666666665,0.32466666666666666,0.3784,0.4023333333333333,0.4132,0.5594333333333333,0.3537666666666667,0.30723333333333336,0.6564666666666666,0.6485000000000001,1.3611666666666666,1.6011333333333333,2.6890333333333336,1.7412666666666667,1.181,1
2007-10-09,0.3161333333333333,0.2890333333333333,0.29123333333333334,0.3001,0.2893,0.2992,1.9540000000000002,2.2782666666666667,1.3058333333333332,1.3403333333333334,0.6712333333333333,0.2730666666666667,0.2974333333333333,0.31046666666666667,0.5175333333333333,2.6725,2.7259666666666664,2.0779,1.4392666666666665,1.0033666666666667,1.582566666666667,3.9673333333333334,1.5571333333333333,0.3717666666666667,2
2007-10-10,0.32306666666666667,0.3149,0.30713333333333337,0.2823333333333334,0.29296666666666665,0.31926666666666664,1.0150333333333335,0.8495666666666667,1.9806666666666668,0.7758333333333333,0.348,0.2956333333333333,0.5326333333333334,0.7951333333333334,0.3937333333333333,0.3328,0.29606666666666664,0.29613333333333336,0.3377666666666667,1.9301,3.1232333333333333,3.1887333333333334,0.7577333333333333,0.3610666666666667,1
2007-10-11,0.3701333333333333,0.31020000000000003,0.3226333333333333,0.31473333333333336,0.6673666666666667,0.4930333333333333,0.5198,2.1424666666666665,2.0458000000000003,1.3119666666666667,1.3311333333333333,1.3398666666666665,0.5402333333333333,0.43256666666666665,0.36150000000000004,0.36146666666666666,0.3100333333333333,0.3084,0.3077333333333333,2.4614,4.318366666666666,3.9676666666666667,2.3618,1.9738,1
2007-10-12,0.8540333333333333,0.3333333333333333,0.31626666666666664,0.34323333333333333,0.33566666666666667,0.30383333333333334,1.4943333333333333,2.0385666666666666,2.1388666666666665,1.8389,2.5664666666666665,2.041166666666667,3.562,2.6496333333333335,0.4514666666666667,0.3484666666666667,0.3434333333333333,0.3923,1.7316,2.5483666666666664,2.091833333333333,2.2619333333333334,0.6310666666666667,0.29163333333333336,0
2007-10-13,0.2869,0.29836666666666667,0.2962666666666667,0.28853333333333336,0.294,0.2943,0.2862666666666667,1.719,2.2768666666666664,1.3720666666666665,1.3429,0.42,0.31966666666666665,0.7043666666666667,0.38830000000000003,0.9404,0.7352333333333333,1.7433666666666667,1.6048,4.732766666666667,5.0948,2.4085666666666667,2.6967,1.5676999999999999,1
2007-10-14,1.1427666666666667,1.1344666666666667,0.36373333333333335,0.6868,0.5795,0.2730666666666667,0.30223333333333335,0.3007,0.6513666666666666,1.0652333333333333,1.7755333333333332,1.4052,1.8074666666666668,2.2312000000000003,4.1697999999999995,2.8681,2.0460000000000003,0.6699,1.0673666666666668,3.3714999999999997,2.754766666666667,2.027433333333333,1.3191,0.34096666666666664,2
2007-10-15,0.2934,0.30526666666666663,0.29173333333333334,0.2938,0.5143,0.5500333333333334,1.0360666666666667,2.4947333333333335,1.3794333333333335,1.3278333333333334,1.3252333333333333,1.3325,0.7312,0.2939,0.2791666666666667,0.3204,0.29933333333333334,0.2924333333333333,0.7722,1.2147000000000001,3.0245,1.9445666666666668,0.45496666666666663,0.3338,1
2007-10-16,0.30843333333333334,0.9748,0.2683,0.3078666666666667,0.2876333333333333,0.26426666666666665,0.8950666666666667,2.1742,1.4377333333333333,1.3246666666666667,0.6469666666666666,0.9025333333333333,1.7257666666666667,3.603466666666667,3.2336,2.155933333333333,1.4646333333333332,0.5027333333333334,0.4547333333333333,1.1512333333333333,2.3113,2.230033333333333,3.1856666666666666,0.9291333333333333,2
2007-10-17,0.3263,0.3000666666666667,0.29183333333333333,0.31366666666666665,0.2982666666666667,0.2906,1.1328333333333334,2.5251333333333337,2.2839,1.8623,1.3458,1.386,1.3975,1.4042666666666668,0.46493333333333337,0.3776333333333334,0.31160000000000004,0.29159999999999997,0.36173333333333335,1.9906333333333335,2.4840333333333335,3.0820999999999996,1.3708,0.38863333333333333,1
2007-10-18,0.3593,0.3557666666666667,0.3547,0.3106,0.32439999999999997,0.3079,0.7183333333333334,1.4076,1.9269333333333334,1.4943,1.3158,0.36679999999999996,1.5776666666666666,0.5647,0.46553333333333335,0.32639999999999997,0.30406666666666665,0.8659666666666667,0.33699999999999997,1.6498666666666668,2.428733333333333,3.4017666666666666,2.7530666666666668,1.3916333333333335,1
2007-10-19,1.1266,0.2763666666666667,0.2962666666666667,0.30136666666666667,0.28986666666666666,0.28363333333333335,1.3899666666666666,2.934833333333333,2.086466666666667,1.6542999999999999,2.5801000000000003,4.328466666666667,2.9498666666666664,1.5792666666666666,1.4328,1.3998,0.928,0.2899333333333333,0.8169666666666667,1.9159333333333335,1.9702666666666666,1.4189666666666667,1.1912999999999998,1.3194666666666668,0
2007-10-20,0.8003,0.6008,0.29779999999999995,0.29843333333333333,0.2885666666666667,0.2841666666666667,0.3142,1.0295666666666667,1.9595999999999998,1.4457,1.4728999999999999,1.7858666666666667,2.2388666666666666,1.2267333333333332,2.504,1.8270000000000002,1.8708333333333333,1.5377666666666667,1.4246333333333334,1.4334333333333333,1.4211666666666667,0.5351,0.41646666666666665,0.6568666666666666,0
2007-10-21,0.9331999999999999,0.3214666666666667,0.294,0.29150000000000004,0.28846666666666665,0.3152666666666667,1.0147333333333333,0.43063333333333337,0.6266999999999999,0.42596666666666666,0.31706666666666666,2.2947333333333333,3.2000333333333333,3.2445999999999997,2.657966666666667,3.7408333333333332,1.7100666666666666,0.6605666666666666,0.8611,2.295466666666667,3.11,1.7592333333333334,1.2236666666666667,0.3484,2
2007-10-22,0.3308666666666667,0.2952,0.3312666666666667,0.3249666666666667,0.6211666666666668,0.6073333333333333,1.3658,2.0260333333333334,2.4233333333333333,2.0890666666666666,1.4487333333333334,1.3314333333333332,1.3261666666666667,1.3343666666666667,1.3663,1.3911666666666667,1.3416,1.3748333333333334,0.6895,1.5681333333333332,1.3316000000000001,1.2091666666666667,0.8534,0.5668333333333333,0
2007-10-23,1.0982333333333334,0.2934333333333334,0.3007666666666667,0.2660666666666667,0.3021333333333333,0.27523333333333333,0.29786666666666667,1.9799666666666667,2.3385333333333334,1.3824,1.3567333333333333,1.3361333333333334,0.9807666666666666,0.2755666666666666,0.295,0.35856666666666664,2.8887666666666667,4.508366666666666,2.1023,2.506266666666667,2.714033333333333,2.196241379310345,1.9624666666666668,0.6348333333333334,2
2007-10-24,0.8211333333333334,0.30863333333333337,0.2899333333333333,0.293,0.3164,0.28563333333333335,0.3019666666666667,1.4049,1.8860333333333335,1.3631666666666669,1.3721666666666665,2.5846999999999998,1.0865,0.34986666666666666,1.0111999999999999,0.9132333333333332,0.34470000000000006,0.4616,1.4937666666666667,3.7766,3.1830333333333334,3.269433333333333,3.1174000000000004,0.8589333333333333,1
2007-10-25,0.6516666666666667,0.29196666666666665,0.27299999999999996,0.27076666666666666,0.27626666666666666,0.2721666666666666,1.5974333333333335,3.239,2.483766666666667,1.7600666666666667,1.3026000000000002,1.3034000000000001,0.5476,0.2843666666666667,0.3592333333333333,0.3983,0.4185333333333333,0.9207666666666667,0.6832666666666667,2.2395666666666667,2.8302666666666667,4.800966666666667,2.4369,1.2567666666666668,1
2007-10-26,0.785,0.4827333333333333,0.4886,0.4816333333333333,0.49443333333333334,0.5427333333333333,2.2563,2.7048,2.2749333333333337,1.5316666666666667,1.5172999999999999,0.5128333333333334,0.4598333333333333,0.5193,0.5217666666666667,0.5344333333333334,0.46509999999999996,0.4673333333333333,1.2601333333333333,2.0416333333333334,0.8201333333333333,1.5359333333333334,0.7881666666666667,0.47273333333333334,1
2007-10-27,0.45863333333333334,0.4810666666666667,1.0253333333333334,0.5648,0.4751,0.45439999999999997,0.4747,1.1222666666666667,2.866833333333333,3.1916333333333333,4.336766666666667,3.8225,2.6971,2.2952,1.7301666666666666,1.3412000000000002,0.42696666666666666,0.264,0.3761333333333334,0.26793333333333336,0.26453333333333334,0.2735,0.26076666666666665,0.2899333333333333,0
2007-10-28,0.2585,0.31216666666666665,0.9182666666666666,0.2763666666666667,0.27449999999999997,0.2587333333333333,0.2796,0.24639999999999998,0.26689999999999997,0.2755666666666666,0.47409999999999997,0.257,0.6611333333333334,0.8447333333333333,0.2529,0.2766666666666666,0.25686666666666663,0.25103333333333333,0.37773333333333337,0.2608666666666667,0.25989999999999996,0.2577333333333333,0.27449999999999997,0.4638,0
2007-10-29,1.067,0.25653333333333334,0.2818,0.2624,0.25156666666666666,0.27949999999999997,0.26526666666666665,0.246,0.268,0.26183333333333336,0.2622333333333333,1.2306,0.27253333333333335,0.24580000000000002,0.26616666666666666,0.2834,0.2593,0.2952,0.28190000000000004,0.2552333333333333,0.24716666666666667,0.2703666666666667,1.1052,0.37546666666666667,0
2007-10-30,0.2860333333333333,0.2533666666666667,0.2591333333333333,0.27276666666666666,0.2561333333333333,0.26736666666666664,0.2592,0.26813333333333333,0.26126666666666665,1.0294333333333332,0.46623333333333333,0.2546,0.9507666666666666,3.3570333333333333,1.3837333333333333,1.3602666666666667,0.4977,0.252,0.2749666666666667,0.25703333333333334,0.24259999999999998,0.2782,0.26809999999999995,0.2607333333333333,0
2007-10-31,0.6188333333333333,0.6993333333333334,0.26143333333333335,0.2824666666666667,0.2573333333333333,0.26043333333333335,0.2868,0.24116666666666664,0.26220000000000004,0.2781666666666667,0.2564,1.1869666666666667,2.7496333333333336,3.6736333333333335,1.7286,1.3592,1.3516333333333332,1.4650333333333334,1.9596666666666667,1.0968666666666667,0.26916666666666667,0.2607333333333333,0.28200000000000003,0.29913333333333336,0
2007-11-01,0.25803333333333334,0.27566666666666667,0.28146666666666664,0.2465,0.26943333333333336,0.27419999999999994,0.48356666666666664,1.0389666666666666,0.27840000000000004,0.2552333333333333,0.23746666666666666,0.2830333333333333,0.25566666666666665,0.2558666666666667,0.27786666666666665,0.25589999999999996,0.2617333333333333,0.25906666666666667,1.2346000000000001,0.25693333333333335,0.25256666666666666,0.2583666666666667,0.2547333333333333,0.265,0
2007-11-02,0.2617333333333333,0.25753333333333334,0.2769333333333333,0.24726666666666666,0.26943333333333336,1.1951333333333334,0.30269999999999997,0.2637333333333333,0.2760666666666667,0.2419666666666667,0.28669999999999995,2.2435,2.656433333333333,2.3122666666666665,1.4636,1.3533333333333333,1.3453666666666666,3.0781,1.2792666666666668,1.2776666666666665,1.2899666666666667,1.267,0.3375,0.2768333333333333,2
2007-11-03,0.2551333333333333,0.26406666666666667,0.2653,0.26306666666666667,0.2707,0.2547333333333333,0.26563333333333333,0.26439999999999997,0.9030666666666666,0.5887666666666667,0.2577333333333333,0.2714666666666667,0.23073333333333332,0.2588333333333333,0.2766,0.2534666666666667,0.2776666666666667,0.28063333333333335,0.2521333333333333,0.6436666666666666,0.8322333333333333,0.25793333333333335,0.2523666666666667,0.2688333333333333,1
2007-11-04,0.2806666666666667,0.25953333333333334,0.26453333333333334,0.2708333333333333,0.2657333333333333,0.27466666666666667,0.5189333333333334,0.9623,0.2750666666666667,0.26116666666666666,0.27326666666666666,0.27526666666666666,0.29003333333333337,0.2669333333333333,0.8711666666666668,1.1109666666666667,0.7918000000000001,2.5039666666666665,4.843566666666667,2.9293,1.8956000000000002,3.0963,1.6087333333333333,0.3711,2
2007-11-05,0.3576666666666667,0.3080666666666667,0.2981,0.31810000000000005,0.3106,0.4257,0.9410000000000001,1.5366666666666666,1.4708,1.4387333333333332,1.3716333333333333,1.079,0.3080333333333333,1.1723,1.2647666666666666,0.8796333333333333,0.28063333333333335,0.6881,1.9892666666666665,2.2437666666666667,1.7039,1.6800666666666666,1.7064333333333332,1.2368999999999999,1
2007-11-06,1.7592,1.1035666666666666,1.1899666666666666,1.0489666666666666,0.5922333333333333,0.28966666666666663,0.6930333333333334,0.9443666666666667,2.1220333333333334,1.8652666666666666,1.8486,3.214033333333333,2.8554000000000004,2.2235666666666662,1.4265333333333332,1.4338333333333333,0.7666666666666667,0.7325666666666667,1.5254333333333332,2.2011,2.8774,0.8711666666666668,0.7636333333333333,0.35806666666666664,0
2007-11-07,0.34453333333333336,0.29283333333333333,0.9410666666666666,0.303,0.2673333333333333,0.2905333333333333,0.5972333333333334,2.116233333333333,1.4470666666666667,1.4051333333333331,1.3540666666666668,0.3263666666666667,0.531,1.0108666666666666,1.0100333333333333,0.3652666666666667,1.0799666666666667,2.4862666666666664,2.716,4.483366666666667,2.4292666666666665,2.7556,1.3181666666666667,0.8747666666666666,2
2007-11-08,0.3018,0.31556666666666666,0.27390000000000003,0.3068,0.2987,0.27953333333333336,0.3315666666666667,1.2199666666666669,1.9536,1.5596333333333334,1.5715999999999999,1.5768333333333333,0.7579999999999999,0.31093333333333334,0.35223333333333334,0.33336666666666664,0.3292333333333334,0.5023333333333333,1.3762666666666665,2.2987333333333333,3.0833333333333335,3.3366,2.0027666666666666,0.34436666666666665,1
2007-11-09,0.28213333333333335,0.30356666666666665,0.29683333333333334,0.2891,0.7901,0.3746333333333334,0.5535,2.071633333333333,1.8064333333333333,1.3335666666666666,1.3504333333333334,1.5164666666666666,2.5113333333333334,3.8873,2.8083,1.6216333333333333,1.4595666666666667,1.4952,2.5231,2.4301000000000004,1.761,2.023,2.2180666666666666,0.4801,2
2007-11-10,0.33213333333333334,0.29306666666666664,0.2909333333333333,0.30573333333333336,0.26503333333333334,0.3064666666666667,0.9894,1.1042666666666667,2.301833333333333,2.969066666666667,1.7861666666666667,1.6155000000000002,1.9400333333333333,1.6109,1.0746666666666667,1.0176333333333334,0.8876666666666666,3.053233333333333,3.9790666666666668,4.191233333333333,3.541933333333333,3.1991,3.126933333333333,3.344666666666667,2
2007-11-11,3.1856,1.5538999999999998,0.9566666666666667,0.4579333333333333,1.0703,0.4310333333333333,0.4169,0.42443333333333333,0.4395,1.1992666666666667,1.5636,1.6579333333333333,1.7268000000000001,0.5882000000000001,0.3302,1.1274666666666666,0.8602000000000001,1.5106,1.9857666666666667,3.7612,3.2982333333333336,1.8514666666666666,0.6919666666666667,0.3629,2
2007-11-12,0.31806666666666666,0.32289999999999996,0.8652,0.30689999999999995,0.315,0.31783333333333336,0.5619666666666666,3.031833333333333,2.5750666666666664,1.8476333333333335,1.8545666666666667,1.3525666666666667,1.3489333333333335,1.3406,1.3568666666666667,1.3582666666666665,1.3625666666666667,1.4045666666666667,1.1586333333333334,3.1784666666666666,4.759833333333333,2.5532666666666666,1.2940666666666667,1.1501666666666668,1
2007-11-13,0.37370000000000003,0.29186666666666666,0.2988,0.3135,0.9745,0.3033,0.9562333333333334,2.420466666666667,2.5372666666666666,0.8059333333333334,0.3307,0.3339666666666667,0.34576666666666667,1.5750666666666668,2.0100000000000002,4.6386666666666665,3.2180000000000004,3.215933333333333,3.2139666666666664,2.308,2.827433333333333,2.6124,0.6545000000000001,0.3466666666666667,2
2007-11-14,0.3377666666666667,0.30706666666666665,0.29319999999999996,0.3090333333333334,0.2775666666666667,0.5176000000000001,1.1312,1.8918,2.27,1.4350999999999998,1.4346333333333334,1.6979666666666666,1.3675666666666666,1.6584333333333334,2.1875333333333336,1.5445666666666669,1.4209333333333334,1.5442,1.6199333333333332,2.372666666666667,2.6945,2.2401666666666666,2.0928333333333335,1.4869666666666668,2
2007-11-15,1.3832,0.3697666666666667,0.30860000000000004,0.2708333333333333,0.3007,0.2899333333333333,0.8170666666666667,2.0615,2.091066666666667,1.3563333333333332,1.3168666666666666,1.2071,0.2997333333333333,0.2652,0.5144666666666666,0.4784,0.4028,0.3139333333333333,0.8277666666666667,3.0937333333333332,2.0821,2.6894,1.1946,0.9313666666666668,1
2007-11-16,0.31903333333333334,0.2750666666666667,0.29956666666666665,0.2882,0.29169999999999996,0.2862666666666667,0.8265333333333333,2.7895,2.0756666666666663,1.5885,1.4137333333333333,1.6275666666666666,1.4120333333333333,3.7717,2.8027,2.7296,2.5120999999999998,2.477433333333333,2.7811999999999997,1.8448666666666669,3.1986333333333334,1.4926,0.6634666666666666,0.7282333333333334,2
2007-11-17,0.9383666666666667,0.2737,0.2887,0.29453333333333337,0.2612,0.3136333333333334,0.2699666666666667,0.5365333333333333,1.9735666666666667,1.4257666666666668,1.4114,1.8255000000000001,1.8072666666666668,1.8611,3.1913,2.2233333333333336,1.9786666666666666,1.8324333333333334,4.912366666666667,4.310266666666666,3.4774666666666665,2.8472333333333335,2.247133333333333,3.0001333333333333,2
2007-11-18,3.2658666666666667,1.3750333333333333,0.8915666666666666,0.3451666666666667,0.30229999999999996,0.3122,0.3285,0.31473333333333336,1.1212333333333333,0.4961,1.6707666666666665,2.4254000000000002,2.2948999999999997,0.6403666666666666,1.0417333333333334,0.36046666666666666,1.9337666666666666,1.9223000000000001,2.5912,3.6963333333333335,4.216366666666667,2.9707,1.5277666666666667,0.35286666666666666,2
2007-11-19,0.3124333333333333,0.2661,0.31636666666666663,0.2734,0.3018,0.2814,1.0866333333333336,2.2573,1.4326666666666668,1.3334333333333332,1.3229333333333335,1.3529333333333333,1.347,1.3462,0.5512,0.30493333333333333,0.272,0.9027999999999999,2.0379666666666667,3.3869333333333334,3.815833333333333,2.736466666666667,1.2017333333333333,0.28709999999999997,1
2007-11-20,0.8675333333333334,0.29306666666666664,0.2833333333333333,0.29,0.28503333333333336,0.2824666666666667,1.1318666666666668,2.6381666666666663,2.2273666666666667,1.3797666666666666,2.0506333333333333,3.358633333333333,1.4545666666666668,1.4145333333333334,1.4654999999999998,2.203133333333333,0.35459999999999997,0.9181666666666667,1.3163666666666667,1.5276,3.2057,2.356266666666667,2.2215333333333334,1.4051,1
2007-11-21,0.3201,0.31216666666666665,0.34653333333333336,0.2937666666666667,0.3117,0.3194,0.8923666666666666,1.7718666666666667,2.0077333333333334,2.0616333333333334,1.8472666666666666,0.5445,1.2019666666666666,0.4665666666666667,0.3295,0.3422,0.9095,1.3185333333333333,1.8622,2.0124,3.0805333333333333,2.895864406779661,2.683133333333333,1.1141,1
2007-11-22,0.314,0.28053333333333336,0.2719666666666667,0.31483333333333335,0.2617,0.2831,0.7849666666666667,2.3688,1.2895,0.5974333333333334,1.3747,1.3233333333333335,1.3509,1.4157333333333333,1.1573333333333333,0.5635666666666667,0.5715666666666667,0.8843333333333334,2.2058999999999997,4.583066666666666,3.8522000000000003,2.6309666666666667,2.5569333333333333,0.9689333333333334,1
2007-11-23,0.2801,0.3043666666666667,0.2728,0.3138333333333333,0.28273333333333334,0.30556666666666665,2.3849333333333336,2.5040666666666667,1.7871,1.3400666666666665,1.3393333333333333,1.7238333333333336,4.129700000000001,3.4507666666666665,2.343166666666667,1.4280666666666666,1.3574666666666668,0.8327666666666667,1.0162666666666667,2.5662333333333334,2.066333333333333,3.5176333333333334,4.401633333333334,2.094866666666667,2
2007-11-24,1.7937333333333332,0.9447,0.7013333333333333,0.32903333333333334,0.2939333333333333,0.31456666666666666,0.3285,0.31920000000000004,1.9730666666666667,2.0776333333333334,1.4284,3.7799666666666667,2.8236333333333334,2.3235333333333332,1.4883666666666666,1.9293333333333331,1.3914,1.3417999999999999,1.366,0.7446333333333334,1.1723666666666666,1.9887333333333332,0.5015666666666667,0.2954666666666667,0
2007-11-25,0.2933,0.29560000000000003,0.30676666666666663,0.2731,0.31656666666666666,0.26803333333333335,0.8349,0.5549666666666667,0.2723333333333333,0.6540666666666667,0.5812666666666666,0.47763333333333335,2.3193333333333332,1.6313333333333333,1.3794,1.0798333333333332,0.2986333333333333,0.28726666666666667,1.3232666666666666,3.1197,3.7512333333333334,1.6076333333333332,1.0445,0.2893,2
2007-11-26,0.30676666666666663,0.2674333333333333,0.3072,0.3113666666666666,0.9168333333333333,0.2759,0.4593,2.5023666666666666,1.6231333333333333,1.5253,1.5399333333333334,0.6609333333333333,1.7014,1.4403666666666666,0.5530333333333334,0.32270000000000004,0.2674666666666667,0.4327666666666667,0.8298,2.8516333333333335,3.270766666666667,1.9343666666666666,1.5632666666666668,0.2979,1
2007-11-27,0.8659333333333333,0.28640000000000004,0.3023666666666667,0.2843333333333334,0.28986666666666666,0.28926666666666667,1.7833333333333334,2.9497,2.9461,1.6271666666666667,4.0636,4.310966666666667,2.989833333333333,3.4648666666666665,2.2575333333333334,1.4456333333333333,1.4459333333333333,1.0882333333333334,2.3450333333333333,2.231133333333333,2.5128333333333335,1.9360666666666666,3.3989333333333334,1.5684666666666667,0
2007-11-28,0.5081,0.36916666666666664,0.35076666666666667,0.3651666666666667,0.3489333333333333,0.3628,0.9980333333333333,2.794966666666667,1.6949,2.0928999999999998,1.9894666666666665,1.4043333333333334,0.7115666666666667,0.39396666666666663,0.3663666666666667,0.3914666666666667,0.3452,1.0611666666666666,1.9106333333333334,2.1016333333333335,2.5258,2.6170666666666667,1.3874666666666668,0.32380000000000003,1
2007-11-29,0.2949333333333334,0.28523333333333334,0.3005762711864407,0.2856666666666667,0.28190000000000004,0.5320333333333334,0.7084333333333334,2.9112666666666667,2.8654333333333333,2.1745333333333337,1.6197666666666666,1.5893666666666666,1.4866666666666668,1.2989,0.4749666666666667,0.2821,0.30893333333333334,0.7284,1.1169,1.642,2.4642333333333335,3.1790333333333334,1.2593333333333334,0.5682333333333334,1
2007-11-30,0.4981333333333333,1.2589000000000001,0.4625,0.4552,0.45676666666666665,0.44516666666666665,1.4951666666666665,2.2383333333333337,2.3091999999999997,1.9682666666666668,1.6999666666666668,1.6063333333333332,2.7014666666666667,4.563233333333333,3.0906666666666665,2.7310999999999996,1.4671666666666667,0.5894333333333334,2.4776666666666665,1.9185666666666668,2.3092333333333332,0.9689333333333334,0.7934,0.35733333333333334,0
2007-12-01,0.43993333333333334,0.39253333333333335,0.27303333333333335,0.33686666666666665,0.9033666666666667,0.2689333333333333,0.3091666666666667,1.3852,2.2510333333333334,1.9452333333333334,3.006666666666667,3.1563999999999997,2.7982,2.7507,1.9159666666666666,2.4609333333333336,1.6467333333333334,3.6698666666666666,4.209933333333334,2.9485,3.6209333333333333,5.139566666666667,3.6695333333333333,2.7498,2
2007-12-02,1.8409666666666666,2.5591333333333335,2.080966666666667,1.3126,1.1385333333333334,1.1560666666666668,0.5770333333333333,0.2464,1.0482333333333334,0.8893333333333333,0.8940666666666667,1.9325,3.0761,3.6045000000000003,3.8102666666666662,4.410166666666667,4.1104,2.0336333333333334,2.3619333333333334,2.7852333333333332,2.1350333333333333,3.4203333333333332,1.1964666666666666,0.48323333333333335,2
2007-12-03,0.4786,0.4561,0.46946666666666664,0.4888333333333333,0.43433333333333335,1.1132666666666668,1.6696,2.0594333333333332,2.0911999999999997,1.8760000000000001,1.3573666666666668,1.3543333333333334,0.8616333333333334,0.28800000000000003,0.30269999999999997,0.29123333333333334,0.3103,0.7067333333333334,1.4517333333333333,3.1617333333333333,2.8388666666666666,1.9481333333333335,1.932,1.4260666666666666,1
2007-12-04,1.2824333333333333,0.28490000000000004,0.3031666666666667,0.27913333333333334,0.29946666666666666,0.29256666666666664,1.5970333333333333,2.4418333333333333,1.4454333333333333,0.7011666666666667,0.30240000000000006,1.7451,4.054033333333333,3.145866666666667,1.4007333333333334,0.7361666666666667,0.3761333333333334,0.4681666666666667,1.5776333333333334,1.6923,2.4918,5.066066666666667,1.7682666666666667,0.7088,1
2007-12-05,0.5198,0.4735,0.4719333333333333,0.46266666666666667,0.4700666666666667,1.0409,1.5184,2.290966666666667,1.6814333333333333,1.3395333333333332,1.4016,3.0458333333333334,2.2151,1.4460666666666666,1.4457333333333333,0.4945333333333333,0.5758666666666666,0.7176333333333333,1.9606999999999999,4.282633333333334,2.92,3.4404666666666666,1.1731333333333334,0.4968333333333333,1
2007-12-06,0.49943333333333334,0.4465,0.4996,0.46473333333333333,0.45546666666666663,0.5468,2.0744,2.258166666666667,2.7829333333333333,2.2598666666666665,1.7199666666666666,1.5742666666666667,1.5285666666666666,1.4991666666666668,1.6750333333333332,0.8627666666666667,0.26966666666666667,1.7088333333333334,1.7647000000000002,2.569866666666667,4.739033333333333,2.9352,3.6420000000000003,2.6886,1
2007-12-07,0.9844333333333334,0.7202000000000001,0.5800333333333333,0.3264333333333333,0.2921666666666667,0.29063333333333335,0.5998333333333333,2.344666666666667,2.1518333333333333,1.3882666666666668,1.3369,1.3591666666666666,2.5372333333333335,3.494866666666667,2.3113333333333332,1.2727666666666666,0.8627,1.6805666666666668,1.3003333333333333,1.3019666666666667,0.7024333333333334,0.3076,0.4087,0.9285333333333334,0
2007-12-08,0.35856666666666664,0.27040000000000003,0.32256666666666667,0.9018666666666667,0.2815666666666667,0.30356666666666665,0.28586666666666666,1.1941333333333333,2.6310333333333333,1.9617333333333333,1.7891666666666666,1.8039999999999998,2.0256,0.8568666666666667,0.7466333333333334,2.2933333333333334,1.364,1.3081,3.895366666666667,3.3450333333333333,5.212933333333334,1.6035666666666666,1.4763666666666666,0.6577999999999999,2
2007-12-09,0.40096666666666664,0.36496666666666666,0.5915,0.30660000000000004,0.2809666666666667,0.3154666666666667,0.2935,0.8708666666666667,0.7579666666666667,0.4075,0.8810666666666667,2.0378,0.5984666666666667,1.7124,2.393466666666667,2.0024333333333333,4.8082,3.8981666666666666,4.205133333333333,4.611133333333333,3.6497666666666664,1.6000333333333332,0.6278666666666666,0.2935,2
2007-12-10,0.29346666666666665,0.2952666666666667,0.2849333333333333,0.3095333333333333,0.7436333333333334,0.30696666666666667,0.8023666666666667,3.216266666666667,1.8122,1.5201333333333333,1.5221333333333333,1.5229,1.0326666666666666,0.46653333333333336,0.45416666666666666,0.46969999999999995,0.45536666666666664,1.4064333333333332,3.154033333333333,2.2988333333333335,2.584566666666667,3.064533333333333,0.8938333333333334,0.4021,1
2007-12-11,0.2861666666666667,0.29606666666666664,0.2624666666666667,0.3184666666666667,0.8812666666666666,0.27743333333333337,0.6160333333333334,1.5146000000000002,2.4554666666666667,1.5103,1.5031999999999999,1.5082333333333333,1.4932,3.2400666666666664,2.922366666666667,1.6181666666666668,2.1096,2.3598,2.3766000000000003,2.6622666666666666,3.0293,2.590433333333333,1.8322666666666665,0.7546333333333333,2
2007-12-12,0.26843333333333336,0.2906,0.26839999999999997,0.2899333333333333,0.2715666666666667,0.27753333333333335,0.966,2.4497666666666666,1.7025666666666666,1.5955666666666668,1.2696,0.5301333333333333,0.5490333333333334,0.6611333333333334,1.0293,1.0971666666666666,1.5447,0.8858,2.406966666666667,2.9594,1.8968333333333334,2.0601,0.9177666666666666,0.2794,1
2007-12-13,0.3248333333333333,0.2578,0.3018,0.28933333333333333,0.27853333333333335,0.7420666666666667,0.6165666666666667,1.7708666666666666,2.4240666666666666,1.9594333333333334,1.4338000000000002,1.5341333333333333,1.5063666666666669,1.5686333333333333,0.4890333333333333,0.5740333333333333,0.49426666666666663,1.1408,1.9331333333333334,2.6706,4.142633333333333,2.7003,1.138966666666667,0.5037666666666667,1
2007-12-14,0.3325666666666667,0.2969666666666667,0.30606666666666665,0.28049999999999997,0.45126666666666665,0.8126333333333334,0.8117333333333333,2.630533333333333,2.0418333333333334,1.3576333333333332,1.3516000000000001,1.3176333333333334,4.4303,3.4243666666666663,1.8256000000000001,1.6849999999999998,1.6037333333333335,1.5233999999999999,1.7812333333333332,1.6884666666666666,1.0581666666666667,0.5472,0.6601666666666667,0.6948666666666666,0
2007-12-15,0.9461666666666667,0.8864666666666667,0.27863333333333334,0.3002666666666667,0.2800333333333333,0.2869,0.29296666666666665,1.4953,2.7791,1.4755666666666667,2.842833333333333,3.249,1.4858666666666667,1.2168333333333334,2.9370333333333334,1.4449666666666665,2.3434000000000004,4.333066666666666,4.066633333333333,3.2000666666666664,3.5467999999999997,2.4743,1.6658666666666666,1.7865333333333335,2
2007-12-16,1.1169,1.1030666666666666,1.1236,1.2355666666666667,1.8691,1.13,0.9359666666666667,0.8727333333333334,1.2493,1.2793999999999999,3.2809666666666666,2.1428000000000003,4.561633333333333,2.8397666666666668,2.467,2.4415666666666667,1.6349333333333333,2.4749666666666665,2.6266333333333334,2.8342,3.7671666666666668,2.3612333333333333,0.41466666666666663,0.2738,2
2007-12-17,0.2869333333333334,0.2670666666666667,0.28186666666666665,0.27396666666666664,0.27413333333333334,0.44456666666666667,1.3002666666666667,2.9821,1.9413333333333334,1.3342333333333334,1.3287000000000002,1.3177666666666668,1.3778,1.3351,0.4971,0.3173333333333333,0.25943333333333335,0.46623333333333333,2.484466666666667,3.5401000000000002,4.011,2.4187333333333334,0.9423728813559322,0.2842,1
2007-12-18,0.6522666666666667,0.5344666666666666,0.2778333333333334,0.27236666666666665,0.27096666666666663,0.28186666666666665,0.7458666666666667,2.4600999999999997,2.2308666666666666,1.9642666666666668,1.3978333333333335,2.2108333333333334,4.514566666666667,3.4426,3.482966666666667,2.3233,0.5545333333333333,1.2705,2.7605333333333335,2.377733333333333,2.5563333333333333,3.9292666666666665,1.6583,1.5497333333333332,2
2007-12-19,1.1419666666666666,0.2707333333333333,0.27270000000000005,0.27673333333333333,0.2812,0.2647,1.0388666666666666,2.8024666666666667,2.3378333333333337,1.4367666666666667,1.3390666666666666,1.6014666666666666,1.8706,1.7041666666666666,1.7451,1.5946,0.4978333333333333,1.9943,2.441033333333333,2.8319666666666667,2.6200666666666668,3.6346,1.9568666666666668,0.6452333333333333,2
2007-12-20,0.9104,0.35200000000000004,0.2962666666666667,0.27759999999999996,0.27593333333333336,0.2955,1.0713000000000001,1.0176333333333334,2.0528333333333335,1.3907666666666667,1.3682,1.4684333333333333,1.9516666666666667,2.1004,2.1979666666666664,1.7232333333333334,1.5138666666666665,1.9087,2.0294666666666665,2.6761666666666666,2.9681,1.6549333333333334,0.6954666666666667,0.29913333333333336,2
2007-12-21,0.2884333333333334,0.3044,0.292,0.4471333333333334,0.8007666666666666,0.2624,1.1584,2.1490333333333336,2.8637666666666663,1.4594999999999998,1.8636333333333333,1.3374,1.3454000000000002,1.5009000000000001,1.6818666666666668,1.4156666666666666,1.1035,1.7130666666666667,2.4345333333333334,2.8135,3.1224333333333334,1.8826666666666665,0.47883333333333333,0.3237,2
2007-12-22,0.2703333333333333,0.5659,0.6003000000000001,0.27093333333333336,0.8961666666666667,0.2843666666666667,0.7342,0.7944666666666667,2.5024666666666664,1.6931666666666667,1.809,1.3695,1.9211666666666667,1.7384,4.2451,2.0460333333333334,1.4299,1.2891666666666666,1.7786666666666666,2.7859333333333334,4.9254999999999995,3.684366666666667,4.1413,1.7447333333333332,2
2007-12-23,0.8472000000000001,0.7090666666666666,0.6920666666666667,0.7023666666666667,0.7081,1.1214666666666666,0.3451666666666667,0.5089,2.8363,1.4764000000000002,1.5274666666666665,1.5324333333333333,0.8441,0.7759333333333333,1.6012666666666666,1.8074666666666666,0.8924,2.6306000000000003,3.1266666666666665,6.4879999999999995,3.241233333333333,2.2872666666666666,1.7142666666666666,1.7346666666666666,2
2007-12-24,1.4415333333333333,1.1566333333333332,0.2965,0.30716666666666664,0.2969333333333333,0.29783333333333334,0.2711,0.6565666666666666,2.3904666666666667,3.716266666666667,1.2272333333333334,1.9595333333333333,3.1761,1.9641,2.4367,2.3553,1.4957333333333334,3.9947666666666666,1.8431666666666666,1.5239666666666667,1.5407666666666666,1.5101333333333333,1.0148,0.7575000000000001,0
2007-12-25,0.9929333333333333,0.4524,0.32413333333333333,0.33940000000000003,0.29786666666666667,0.27726666666666666,0.8154333333333333,0.6339333333333333,1.6194,0.8928666666666667,2.0517333333333334,2.519766666666667,2.669966666666667,3.915833333333333,2.478333333333333,2.1593333333333335,2.8377666666666665,1.3807333333333331,1.8123333333333334,2.018733333333333,2.86,3.009866666666667,4.597433333333333,3.958666666666667,2
2007-12-26,1.4389666666666665,1.1712,1.2347333333333335,1.2622333333333333,1.3573333333333333,1.3958333333333333,1.3472333333333333,1.9964666666666666,2.7250666666666663,2.4292000000000002,1.4907666666666666,1.8478666666666668,2.615933333333333,2.6315,3.9810666666666665,2.905133333333333,2.4211666666666667,3.0307666666666666,2.4721333333333333,0.9464,0.42186666666666667,0.37293333333333334,0.5838,0.9250666666666666,0
2007-12-27,0.2904666666666667,0.46526666666666666,0.8290333333333334,0.2858,0.3452,0.28673333333333334,0.31229999999999997,1.1062,1.3320333333333332,1.2762333333333333,2.268533333333333,1.4566000000000001,1.2935333333333332,1.8582333333333334,1.96,2.9448999999999996,1.7976999999999999,2.4987,3.1969333333333334,5.1752,3.468033333333333,2.545733333333333,3.4539,1.7560333333333333,2
2007-12-28,0.392,0.3524,0.31753333333333333,0.3359,0.2940333333333333,0.35069999999999996,0.8290666666666666,0.30566666666666664,1.1520333333333332,1.4532999999999998,2.0935,1.6431666666666667,1.6772666666666667,1.8529333333333333,2.4635666666666665,5.025133333333333,5.1377999999999995,6.333666666666667,3.732766666666667,2.5198666666666667,3.184566666666667,3.0018666666666665,3.932733333333333,3.502733333333333,2
2007-12-29,3.9483333333333333,2.4356,2.4928666666666666,2.3680666666666665,1.3988666666666667,1.3712666666666666,1.3004666666666664,1.1219666666666666,1.6869333333333332,1.6951333333333334,3.567266666666667,1.8861999999999999,1.7368999999999999,2.6162666666666667,2.1152,1.5260666666666667,2.6498666666666666,1.6061333333333332,3.2983333333333333,5.226699999999999,2.4215666666666666,3.2371,2.462,0.8135,0
2007-12-30,0.5302,0.4891333333333333,0.5243666666666666,0.49473333333333336,0.27909999999999996,0.5093,0.6140000000000001,0.27936666666666665,1.7968000000000002,1.4369666666666667,1.3659333333333334,0.39776666666666666,1.5621333333333332,3.049,4.1388,2.3195333333333332,2.5719333333333334,2.5889,4.941966666666667,2.8520666666666665,2.7793666666666668,3.2652,2.8400000000000003,1.0220333333333333,2
2007-12-31,0.327,0.3038666666666667,0.3050333333333333,0.28859999999999997,0.31293333333333334,0.28956666666666664,0.6503666666666666,0.6768333333333333,0.6849000000000001,1.2202333333333333,2.1381666666666663,2.8586666666666667,3.8231666666666664,1.5065333333333333,1.5533,1.5956000000000001,2.3481666666666663,2.8578333333333332,3.3440999999999996,3.120366666666667,1.9384333333333332,1.5683333333333336,1.6136333333333333,1.6167333333333334,2
2008-01-01,1.5969333333333333,1.6195666666666668,2.4737333333333336,2.731133333333333,2.4311333333333334,2.4796666666666667,1.6902000000000001,1.3321333333333334,1.3751666666666666,1.0509,0.5859000000000001,2.6519,2.0601666666666665,2.9478,1.8193333333333332,1.0491666666666668,0.8458,2.0671666666666666,2.8802666666666665,3.007233333333333,2.8731,2.704833333333333,1.3265333333333333,0.39586666666666664,0
2008-01-02,0.3783666666666667,0.35513333333333336,0.32556666666666667,0.3671,0.8692666666666666,0.3632666666666667,1.1317,2.1407666666666665,1.6265,1.5302,1.6207,1.5079,1.3829,1.4409666666666667,0.9643999999999999,0.40826666666666667,0.38516666666666666,0.5434,1.1374333333333333,1.6872666666666667,1.2964666666666667,1.5258333333333334,2.2632333333333334,2.1499666666666664,1
2008-01-03,0.44266666666666665,0.37526666666666664,1.1250333333333333,0.3514666666666667,0.37273333333333336,0.33626666666666666,0.8131,0.8809,1.976,0.7978333333333333,0.5776666666666667,1.7654666666666665,1.3656333333333335,0.46153333333333335,0.35666666666666663,0.6577666666666667,0.9462666666666667,2.1959333333333335,2.3849333333333336,2.2553,2.5674333333333332,1.2207333333333332,0.533,0.40886666666666666,2
2008-01-04,0.8374333333333334,0.2674333333333333,0.3225,0.28553333333333336,0.2767,0.3298333333333333,1.2453,2.9087666666666667,2.9636333333333336,1.7138333333333333,1.8126,1.4886333333333333,0.8124666666666667,1.6670666666666667,0.7873,3.2534666666666667,2.4937,3.8139666666666665,1.8705,1.7708666666666666,2.792666666666667,2.0945666666666667,1.5773000000000001,0.8114666666666667,2
2008-01-05,0.3626666666666667,0.3046666666666667,0.2802,0.5927333333333333,0.49656666666666666,0.3081,0.2853,0.29813333333333336,1.9409666666666667,1.4929333333333332,1.5998666666666668,1.4187666666666667,2.4488333333333334,2.1071,2.3360333333333334,1.9209666666666665,1.4324333333333332,1.9264666666666665,3.6183,3.1335333333333333,2.9871333333333334,1.6136666666666668,1.6784333333333334,1.8036666666666668,2
2008-01-06,1.4564666666666668,0.8159,0.2886666666666667,0.29806666666666665,0.29763333333333336,0.2734333333333333,0.306,0.2830333333333333,1.4143000000000001,0.6432,1.1155666666666666,0.8112999999999999,1.3084333333333333,1.7133666666666667,1.6539,1.7609,0.8622333333333334,2.3048,2.371966666666667,3.629,3.1985666666666663,2.3797333333333333,0.9296666666666666,0.30360000000000004,2
2008-01-07,0.32276666666666665,0.3159666666666666,0.31673333333333337,0.29186666666666666,0.46509999999999996,0.7067333333333333,0.7426666666666667,2.6031666666666666,2.8320333333333334,1.9681333333333333,1.3833333333333333,1.3596000000000001,1.3653666666666666,0.5053,0.3038666666666667,0.2741,0.28676666666666667,0.4867666666666667,0.9296333333333333,1.9550333333333334,3.3992666666666667,2.3392666666666666,1.7215,1.3886,1
2008-01-08,1.3109,0.2703666666666667,0.2898,0.2888333333333334,0.2763666666666667,0.2795666666666667,2.1242666666666667,2.6565,0.35223333333333334,0.31476666666666664,0.27443333333333336,1.1011,3.2639333333333336,4.365033333333333,1.5208333333333333,1.4765333333333333,1.4456333333333333,1.0597333333333334,1.3007,1.8621,2.117566666666667,4.199433333333333,1.5049666666666668,0.40356666666666663,2
2008-01-09,0.5164666666666666,0.3888666666666667,0.29073333333333334,0.29346666666666665,0.26103333333333334,0.8160000000000001,1.2713999999999999,2.428166666666667,2.2227666666666663,1.3886666666666665,1.3736666666666666,1.5627,1.4565333333333332,0.7312666666666666,0.2881,0.3509333333333334,1.0066666666666666,0.8173333333333334,1.8528333333333333,2.4089666666666667,2.7699,3.1422000000000003,1.6212000000000002,0.5474666666666667,1
2008-01-10,0.46166666666666667,0.47706666666666664,0.4375,0.46906666666666663,0.5828666666666666,0.9776333333333334,0.9064,2.1531000000000002,2.703866666666667,1.5410333333333335,1.5007666666666668,1.5222666666666667,1.5106666666666666,1.5896000000000001,1.5108,0.9006333333333334,0.6413666666666666,0.5446666666666666,1.1732333333333334,2.4162666666666666,3.2837666666666667,2.9563333333333333,0.9764333333333333,0.33093333333333336,1
2008-01-11,0.2717,0.2946666666666667,0.30210000000000004,0.2778333333333334,1.0245,0.2916666666666667,0.6435,0.9395333333333333,2.1445333333333334,1.6596666666666666,1.6275333333333333,1.5271666666666666,2.0694666666666666,1.4747333333333332,0.6117333333333334,0.6107666666666667,0.6307333333333334,0.9989,1.3635666666666666,1.4460333333333333,1.7671999999999999,1.4814,3.057466666666667,1.9139000000000002,1
2008-01-12,0.6461,0.4843,0.46953333333333336,0.4928666666666667,0.4633333333333333,0.4402,0.48063333333333336,1.8766666666666665,2.272666666666667,0.9876,2.417933333333333,2.897066666666667,1.2081000000000002,0.6108666666666667,2.365533333333333,1.6057666666666668,1.3781,2.6255666666666664,5.1968,3.6640333333333337,3.4373333333333336,3.2162,4.435266666666666,4.184333333333333,2
2008-01-13,4.6701999999999995,3.747333333333333,3.1269333333333336,2.443566666666667,2.0555666666666665,1.3500666666666667,1.3767333333333334,1.3412,0.5089,1.5711333333333333,0.9994333333333334,1.8008333333333333,2.3556666666666666,2.2811999999999997,1.2324,0.5166,0.7994333333333333,1.9225333333333334,4.121566666666667,3.793627118644068,2.917733333333333,2.282966666666667,0.6088,0.2664,0
2008-01-14,0.29573333333333335,0.29106666666666664,0.28946666666666665,0.6756,0.4734,0.31160000000000004,0.6305333333333334,2.0701,2.5961333333333334,1.8766,1.5255,1.4871333333333332,1.5431,1.5001,0.74,0.4828,0.46216666666666667,0.6365333333333333,1.1242666666666667,3.0075333333333334,5.136866666666666,4.7452,1.1164999999999998,0.7309333333333333,1
2008-01-15,0.7315666666666666,0.4102,0.42793333333333333,0.38636666666666664,0.38699999999999996,0.44743333333333335,1.1763333333333332,2.4155,2.2313,1.4810333333333332,1.5534,2.6644,5.237266666666667,3.6882333333333337,3.273233333333333,2.1420666666666666,1.9128,2.0631666666666666,2.617833333333333,1.6845999999999999,1.6627666666666667,2.5257,2.3546666666666667,1.3070666666666668,0
2008-01-16,0.4943666666666667,0.457,0.43820000000000003,0.4653,0.48073333333333335,0.44460000000000005,1.1206,2.555266666666667,1.9842333333333333,1.5631,1.5695333333333332,1.8844333333333334,1.7948,2.828933333333333,3.268666666666667,0.7862333333333333,1.2541666666666667,0.7064333333333334,1.4959333333333333,1.9937333333333334,2.509,2.9947999999999997,2.0772666666666666,0.4302,2
2008-01-17,0.41773333333333335,0.37423333333333336,0.36483333333333334,0.39130000000000004,0.38556666666666667,0.5092,1.4180333333333333,1.0509333333333333,3.012,1.9642000000000002,1.4454333333333333,1.4051666666666667,1.4498,1.2956,0.5365333333333333,0.46496666666666664,0.5075,0.5655,0.9137333333333333,2.2217333333333333,2.7689666666666666,1.4142666666666666,0.8366,0.4908666666666667,1
2008-01-18,0.44033333333333335,0.36806666666666665,0.37553333333333333,0.42116666666666663,1.0706333333333333,0.36683333333333334,1.0337,2.5599,3.0612,2.0761,1.4471333333333334,1.4222,1.4379333333333333,1.0664,1.6501,1.5081333333333333,1.5153333333333334,1.6373666666666666,2.4844333333333335,3.5380666666666665,1.8713666666666666,1.8692333333333333,2.073,1.1556333333333335,2
2008-01-19,0.2659666666666667,0.47546666666666665,0.2964333333333334,0.2909666666666667,0.3045,0.29513333333333336,0.8245,0.8236,2.6366,2.4521666666666664,1.2533666666666667,0.3721,3.1359333333333335,2.6497333333333333,2.0614666666666666,0.4297,0.29113333333333336,3.089433333333333,2.580033333333333,2.868933333333333,2.630733333333333,1.3279666666666665,0.5155333333333333,1.1337000000000002,2
2008-01-20,0.8455666666666667,0.3233666666666667,0.2951,0.33666666666666667,0.32606666666666667,0.8862,0.31516666666666665,0.3053,0.6175333333333334,0.4429666666666667,0.7489333333333333,2.1447999999999996,0.8561,1.5928333333333333,1.7906666666666666,1.1178,1.3518666666666665,2.6563333333333334,2.6223,2.2798333333333334,3.1005,2.1837333333333335,1.3541999999999998,0.5123,2
2008-01-21,0.43693333333333334,0.3789,0.37906666666666666,0.9651333333333334,0.3853666666666667,0.3792666666666667,1.3110333333333335,2.4465333333333334,1.6406333333333334,1.5764,1.5810333333333335,1.6166333333333334,1.5105333333333335,1.4166999999999998,1.4426333333333332,0.43556666666666666,0.38630000000000003,0.8434,1.2939,2.4390333333333336,2.7712,3.239,1.7310666666666668,0.37703333333333333,1
2008-01-22,0.4436666666666667,0.384,0.37466666666666665,0.42496666666666666,0.3679,1.1082999999999998,1.0706666666666667,2.684166666666667,2.365866666666667,0.4002,0.399,0.3846,2.8922000000000003,3.0165,4.108766666666667,4.1460333333333335,1.1749666666666667,0.5165333333333334,1.0639666666666667,1.4578,3.6163666666666665,4.328433333333334,1.5415333333333334,0.47919999999999996,2
2008-01-23,0.41733333333333333,0.38993333333333335,0.45226666666666665,0.40286666666666665,0.3892666666666667,0.4675,1.2410999999999999,2.7542,2.285433333333333,1.489,1.4376333333333333,1.5426333333333333,1.5109,1.5049333333333332,1.5058666666666667,1.4923333333333335,2.0100333333333333,1.2485666666666666,1.6163666666666667,1.9872666666666667,2.1644666666666668,2.2562333333333333,0.448,0.3576666666666667,2
2008-01-24,0.27143333333333336,0.2665666666666667,0.3302333333333333,0.2577,0.2661,0.8233,0.8049333333333333,1.5864666666666667,2.4787666666666666,1.4269333333333334,1.375,0.9749,0.3215,0.3327,0.39303333333333335,0.37756666666666666,0.46336666666666665,0.8791666666666667,2.7954999999999997,2.2954333333333334,3.5317,2.2929000000000004,1.5313666666666668,1.3404666666666667,1
2008-01-25,1.2775,1.2434,0.5495,0.36293333333333333,1.0325,0.42393333333333333,1.0378333333333334,2.889733333333333,2.0998,1.4668666666666668,1.4843333333333333,1.1106666666666667,1.5987,2.2869666666666664,2.9742333333333333,1.4923333333333335,1.4901666666666666,0.8239333333333333,1.4642666666666666,2.4878,2.0601666666666665,1.8143,2.6230666666666664,1.236,0
2008-01-26,0.6305333333333334,0.6171666666666666,0.5061,0.3800666666666667,0.386,0.4067666666666667,0.8515666666666667,1.0585333333333333,2.0387333333333335,2.0185,2.0135,1.6701333333333332,1.7230666666666667,1.1132,1.9006666666666667,1.9217666666666666,1.9018666666666666,2.0591666666666666,3.7629,6.0138,4.453033333333334,3.3546666666666667,2.9897666666666667,3.4783,2
2008-01-27,1.9396666666666667,0.8332333333333334,0.5338666666666667,0.49163333333333337,0.4877333333333333,0.4825,0.31176666666666664,0.4402666666666667,1.1916666666666667,0.7799333333333334,1.464,2.3875333333333333,0.9672666666666667,2.7378,2.0208,1.0054,1.4496333333333333,2.0130333333333335,3.5315,4.754133333333333,3.8515,3.4711,1.5542333333333334,0.9959000000000001,2
2008-01-28,0.9847,0.9508333333333333,0.9513666666666667,0.8893,0.4841666666666667,0.36743333333333333,0.7364999999999999,2.189433333333333,2.1677000000000004,2.4215333333333335,2.753033333333333,2.7761666666666667,1.9101000000000001,1.6151333333333333,1.4894,1.4665666666666666,0.7761333333333333,0.4068333333333333,1.1654333333333333,2.5425666666666666,2.8514333333333335,1.8683,2.5990333333333333,2.1068333333333333,0
2008-01-29,1.7574666666666665,0.9575666666666667,1.0076666666666667,0.4471333333333333,0.3903666666666667,1.7808666666666668,0.8125333333333333,1.5638333333333334,1.6532666666666667,1.9374666666666667,1.6588333333333334,1.7522333333333333,3.9499,4.460466666666666,3.9548,2.6739666666666664,1.6243333333333334,0.6292000000000001,0.6976333333333333,1.4741666666666666,1.8903,2.7203666666666666,2.946766666666667,1.8592666666666666,0
2008-01-30,1.4529333333333334,1.1756666666666669,2.704833333333333,1.1260333333333332,0.47763333333333335,0.4315,1.5066,2.1670333333333334,1.6145666666666665,1.4993333333333332,1.6821333333333333,1.4765333333333333,0.41953333333333337,0.41486666666666666,0.42266666666666663,0.4122,0.44443333333333335,0.38106666666666666,1.7109999999999999,2.5605666666666664,0.45720000000000005,0.49129999999999996,0.46613333333333334,1.8483333333333334,0
2008-01-31,0.7649333333333334,0.42563333333333336,0.3746,0.36563333333333337,0.3784,0.40090000000000003,1.3256666666666668,2.2385,1.7081000000000002,1.6107666666666667,1.2560666666666667,0.4379,0.5096666666666666,0.9063666666666667,0.45156666666666667,0.4728333333333333,0.48310000000000003,0.7455666666666667,2.0176666666666665,1.8695,3.8069333333333333,3.9302333333333332,3.3971666666666667,2.6876666666666664,1
2008-02-01,2.144766666666667,1.0219666666666667,0.4736,0.4387,0.39896666666666664,0.43696666666666667,0.9889333333333333,3.0193,1.6955666666666667,0.47096666666666664,0.4374666666666666,0.6692333333333333,0.6902333333333334,1.1579000000000002,1.5632666666666666,1.5872666666666668,1.6689,0.6794333333333333,0.67,1.0961333333333334,0.2975333333333333,0.9547666666666667,1.1702666666666668,1.8454000000000002,0
2008-02-02,0.8377666666666667,0.8331666666666667,0.28873333333333334,0.29969999999999997,0.28103333333333336,0.2847,0.31203333333333333,0.42563333333333336,2.517033333333333,1.7659666666666667,1.5601666666666667,1.6852666666666667,1.604933333333333,1.4035333333333333,2.2753333333333337,1.9721,3.2653898305084743,2.2347333333333332,2.786166666666667,6.496033333333333,4.689033333333333,3.389233333333333,4.3358333333333325,3.4448,2
2008-02-03,2.7919,1.7618,1.5940333333333332,0.3971,0.2710666666666667,0.2677,0.30233333333333334,0.3226333333333333,0.5608666666666667,0.5618,1.4997,1.2166333333333335,2.2857666666666665,2.3915,3.4627333333333334,1.6172666666666666,0.6462333333333333,0.6059,2.0280666666666667,2.5356333333333336,2.9810999999999996,3.2051333333333334,1.1022,0.3337,2
2008-02-04,0.26890000000000003,0.28173333333333334,0.31643333333333334,0.27890000000000004,0.8320000000000001,0.2672333333333333,1.2318333333333333,2.7501,1.9516666666666667,2.0681333333333334,1.5482666666666667,1.2865666666666666,1.4696333333333333,1.3835333333333333,0.8959666666666667,0.2762333333333334,0.2885,0.33803333333333335,1.0307666666666668,2.7268666666666665,2.1271333333333335,2.5749333333333335,0.6392333333333333,0.3030333333333334,1
2008-02-05,0.3171666666666667,0.2772,0.2678333333333333,0.2964,0.2730666666666667,0.7068,1.7639,2.6218333333333335,1.9673,2.0987999999999998,1.3525,0.6911333333333334,3.0060000000000002,3.8758,2.2129666666666665,1.4234666666666667,1.6517666666666666,2.923566666666667,2.8958333333333335,2.9078,3.8222,2.158466666666667,1.3572,0.33859999999999996,2
2008-02-06,0.3256,0.2860666666666667,0.29266666666666663,0.3246333333333334,0.2764,0.2805666666666667,1.2372,2.4375333333333336,1.9311333333333331,1.9799666666666667,1.3931666666666667,1.1047666666666667,0.5389666666666667,0.33030000000000004,0.272,0.3635,0.5141,0.8194666666666667,1.3898000000000001,2.7136,3.6168666666666667,3.4541,1.1157000000000001,0.8275666666666666,1
2008-02-07,0.2829666666666667,0.3044,0.2801666666666666,0.2824666666666667,0.3070333333333333,0.2659666666666667,1.6433333333333333,2.4281,1.5332666666666666,1.3377333333333332,1.3446666666666667,1.3135666666666668,1.0052,0.2873,0.495,0.47200000000000003,0.3155,0.3331,0.6240333333333333,1.5090999999999999,3.4857,2.992366666666667,1.4358666666666666,1.0263333333333333,1
2008-02-08,0.6226333333333333,0.27183333333333337,0.3298,0.2763666666666667,0.49966666666666665,0.7682,0.5896,1.3435333333333332,1.8149000000000002,1.8591666666666666,1.5505666666666664,1.0592,3.0393666666666665,2.7601999999999998,2.074533333333333,1.572,1.1014333333333333,0.5014666666666667,1.7074,1.5746,1.2638,1.2589333333333335,2.0077333333333334,2.6624666666666665,0
2008-02-09,0.8502333333333334,0.3013333333333333,0.27626666666666666,0.26183333333333336,0.30946666666666667,0.27253333333333335,0.27626666666666666,0.32563333333333333,2.1935,1.4525000000000001,2.0767333333333333,2.7431,2.3239,1.8353,1.7557,1.7613333333333334,1.3952,0.6027666666666668,1.2758333333333334,2.0024,3.920866666666667,3.8760333333333334,1.549,1.4002000000000001,2
2008-02-10,0.5429333333333334,0.27090000000000003,0.26913333333333334,0.31126666666666664,0.8040333333333334,0.3266666666666667,0.30063333333333336,0.3915666666666667,0.7824666666666666,1.2375666666666667,1.9067,0.38373333333333337,2.5036666666666667,2.3244333333333334,1.3444333333333334,1.5125,0.7889,2.2279,3.9653,4.244833333333333,3.931166666666667,2.4784,1.9469333333333334,1.6158333333333335,2
2008-02-11,0.4844333333333333,0.3504,0.2940666666666667,0.27103333333333335,0.3048666666666667,0.27616666666666667,1.5393666666666665,3.1043000000000003,2.3789666666666665,1.3303666666666667,1.3489,1.3598000000000001,1.3552666666666666,0.3406,0.32086666666666663,0.2954333333333333,0.2706666666666667,0.3373,2.0012,3.0882666666666667,3.0593999999999997,2.332,1.4542333333333335,0.3023666666666667,1
2008-02-12,0.2767,0.2793,0.31943333333333335,0.9313666666666667,0.26503333333333334,0.2840666666666667,1.0452666666666668,2.5957,2.4529,1.8224666666666667,1.7728666666666666,1.9707666666666666,2.0450333333333335,2.2247,3.2056666666666667,2.516633333333333,1.3712333333333333,1.2980666666666667,1.1371,0.7401666666666668,1.6993333333333331,1.8146333333333333,0.4798,0.5817333333333334,0
2008-02-13,0.40696666666666664,0.29286666666666666,0.28696666666666665,0.31373333333333336,0.7972666666666667,0.4019333333333333,1.1548666666666667,2.1373,1.4138333333333333,1.3523333333333334,1.4977666666666667,2.0416666666666665,0.8488666666666667,0.39486666666666664,0.8202666666666667,0.8558666666666668,1.0207666666666666,1.9839333333333333,2.4490666666666665,3.0848,2.6260333333333334,3.3171666666666666,1.8372666666666668,0.3385666666666667,1
2008-02-14,0.34126666666666666,0.2937,0.2981666666666667,0.3554333333333333,0.2987666666666666,0.7127666666666667,1.4614666666666667,2.495233333333333,2.817466666666667,1.9803,1.3658000000000001,1.3302,1.3427333333333336,1.3255666666666666,0.3049,0.44623333333333337,0.4457333333333333,0.27613333333333334,0.9975666666666666,1.7062333333333333,2.3421000000000003,1.8235666666666668,1.0485,0.9338666666666666,1
2008-02-15,1.0529333333333333,0.26863333333333334,0.3152,0.26243333333333335,0.25316666666666665,0.26103333333333334,0.8886333333333333,3.0439333333333334,2.947033333333333,1.4862666666666666,1.3922666666666668,1.4195333333333333,1.4272,2.0677,2.3514666666666666,1.4399333333333333,1.3686333333333331,0.9699333333333333,0.9383666666666667,1.3034666666666666,0.7687333333333334,3.8652333333333333,2.6005,0.7279,1
2008-02-16,0.5622,0.36669999999999997,0.3077,0.31403333333333333,0.9249333333333334,0.4156666666666667,0.3097333333333333,0.35753333333333337,1.1985666666666668,1.6958,1.9808999999999999,1.5091333333333334,1.2397,0.9820333333333333,3.2235,1.4212333333333333,0.7688333333333334,2.877666666666667,3.4244333333333334,3.3310000000000004,3.873266666666667,3.4132666666666664,2.7087333333333334,1.9092333333333333,2
2008-02-17,0.969,0.6596333333333334,0.6364666666666667,0.6543666666666667,0.5491666666666667,0.2838,0.302,0.6729,0.8861333333333333,0.7844,2.3414,1.3861333333333332,2.0695666666666668,1.0206666666666666,3.9196666666666666,1.3068333333333333,0.4978666666666667,0.6547666666666667,1.8353,2.240666666666667,3.8198999999999996,3.0798666666666668,1.2392333333333334,0.41306666666666664,2
2008-02-18,0.3001333333333333,0.4212666666666667,0.7160333333333333,0.29683333333333334,0.2866,0.3096333333333333,1.3812666666666666,2.7083999999999997,1.3556333333333332,1.3802666666666668,1.3321,1.3416666666666666,1.3462666666666665,1.3664999999999998,0.6558666666666667,0.27973333333333333,0.30696666666666667,0.2754333333333333,0.5104666666666666,1.661,2.5754333333333337,3.0377666666666667,1.0390666666666666,0.35573333333333335,1
2008-02-19,0.3331666666666667,0.2969666666666667,0.3060333333333334,0.3361,0.8829333333333333,0.43846666666666667,0.8409,1.7592,2.270766666666667,2.476833333333333,2.984766666666667,3.4069999999999996,3.519066666666667,1.5440333333333334,1.4349666666666667,1.4458999999999997,0.7418666666666667,1.0115333333333334,1.4513,1.9246,2.0786,2.8121,0.8682666666666666,0.28323333333333334,0
2008-02-20,0.28576666666666667,0.31203333333333333,0.2829,0.2966666666666667,0.29600000000000004,1.0101333333333333,1.0886333333333333,3.0524,2.4896666666666665,1.4095,1.4059,0.4887333333333333,0.5813333333333334,0.6675666666666668,1.0659333333333334,0.45243333333333335,1.337,2.2772666666666668,3.1574999999999998,4.7124,4.332166666666667,2.552433333333333,2.3924333333333334,1.6163666666666667,1
2008-02-21,0.5025,0.4205,0.36246666666666666,0.28023333333333333,0.28163333333333335,0.3293666666666667,1.3965999999999998,2.7511333333333337,2.4718,1.3259333333333332,1.3298999999999999,1.3527333333333333,1.2651000000000001,0.26963333333333334,0.46646666666666664,0.4728,0.4187,0.3212,1.7320333333333333,2.3085666666666667,2.7905,2.2025333333333332,1.7519,0.4266,1
2008-02-22,0.2692,0.7705333333333333,0.5724,0.2701,0.2659,0.30946666666666667,1.1345333333333334,2.7707333333333333,2.7017,2.1256333333333335,1.4969,0.7288333333333333,1.1765333333333332,2.2354333333333334,2.4244,1.4418,0.7212999999999999,0.3678,0.5860333333333333,0.8768666666666667,2.1767333333333334,2.3181999999999996,0.7923333333333333,0.3427,1
2008-02-23,0.2723333333333333,0.2622,0.3171666666666667,0.2659666666666667,0.5544333333333333,0.722,0.2697333333333333,0.4763,1.3189,0.7880333333333333,0.9578275862068966,0.6771333333333334,0.29963333333333336,2.5683333333333334,1.7705,0.8845,0.6045666666666667,2.8683,3.1874333333333333,3.9488666666666665,2.5601333333333334,1.8738,1.7139666666666666,1.4360333333333335,2
2008-02-24,1.3699666666666666,1.3814666666666668,1.3742333333333334,1.3601666666666667,1.3868333333333331,1.3684666666666667,0.9513666666666667,3.239333333333333,1.8855666666666666,1.3331000000000002,1.0322,0.2954333333333333,0.263,0.2747,0.3157,0.26833333333333337,0.2582333333333333,0.30079999999999996,0.3554333333333333,0.9324333333333333,0.29086666666666666,0.2609,0.25189999999999996,0.29969999999999997,0
2008-02-25,0.2680666666666667,0.26353333333333334,0.31006666666666666,0.25880000000000003,0.25956666666666667,1.0018,0.4282666666666667,0.2537,0.2967333333333333,0.2552,0.25956666666666667,0.3017,0.2618,0.2502666666666667,0.29433333333333334,0.4007,1.0904666666666667,0.3415666666666667,0.2501333333333333,0.25476666666666664,0.30820000000000003,0.2546333333333333,0.25156666666666666,0.2927,0
2008-02-26,0.25593333333333335,0.26026666666666665,0.6545,0.8921333333333333,0.2557,0.2851666666666667,0.2830666666666667,0.26376666666666665,0.26233333333333336,0.2844666666666667,0.2501333333333333,0.24616666666666667,0.2929333333333333,0.8112999999999999,0.7420000000000001,0.2955,0.2599666666666666,0.2595,0.2951666666666667,0.25279999999999997,0.256,0.2807,0.26030000000000003,0.2522,0
2008-02-27,0.7818,0.7834333333333333,0.2613333333333333,0.25603333333333333,0.2968,0.25906666666666667,0.26213333333333333,0.29,0.2579,0.25589999999999996,0.26999999999999996,0.8918666666666667,0.6053999999999999,0.2582333333333333,0.28786666666666666,0.25703333333333334,0.2897,0.303,0.2523,0.2521333333333333,0.2924,0.24613333333333332,1.2349666666666665,0.2999,0
2008-02-28,0.25543333333333335,0.25306666666666666,0.2937666666666667,0.25820000000000004,0.25533333333333336,0.28513333333333335,0.27926666666666666,0.25656666666666667,0.7143666666666667,0.8593666666666666,0.24763333333333332,0.25153333333333333,0.29256666666666664,0.24889999999999998,0.3106666666666667,0.2960333333333333,0.25406666666666666,0.2549,0.2977666666666667,0.7989333333333334,0.7185333333333334,0.29433333333333334,0.24973333333333333,0.26030000000000003,0
2008-02-29,0.2970333333333333,0.25589999999999996,0.2525,0.27863333333333334,0.2665,0.2617333333333333,0.9504666666666667,0.5775666666666666,0.2544,0.8558,2.1213666666666664,2.8479,2.7108333333333334,1.6289,1.6271,1.6703000000000001,1.5123,0.5328,0.5772666666666667,0.5357999999999999,0.5302,0.5784333333333334,0.5480666666666667,0.5506666666666666,0
2008-03-01,0.5704999999999999,0.5774,1.0759333333333332,1.0029333333333335,0.6014,0.5474333333333333,0.5631666666666667,0.5830666666666667,0.5633666666666667,0.5507333333333333,0.5623666666666666,0.5661333333333333,0.5565666666666667,1.5362666666666667,0.6105666666666667,0.5601666666666667,0.5515333333333333,0.6163333333333333,0.5551999999999999,1.137,2.3046,0.8905,0.6458666666666667,1.3022333333333334,2
2008-03-02,0.44773333333333337,0.2738333333333333,0.30239999999999995,0.2920666666666667,0.2763666666666667,0.28623333333333334,0.29793333333333333,0.2773333333333333,0.26066666666666666,0.8045000000000001,1.2668,2.9585,1.0902666666666667,0.32899999999999996,1.4982333333333335,2.180333333333333,1.4833666666666665,0.4427333333333333,0.27730000000000005,0.9712,1.3711,0.8106666666666666,0.5621666666666666,0.6097,0
2008-03-03,0.5446000000000001,0.5517000000000001,0.6214999999999999,0.5602,0.5558666666666666,1.4290333333333334,0.5528333333333334,0.5559999999999999,0.5872666666666666,0.5551999999999999,0.5719333333333334,0.5987333333333333,0.5637000000000001,0.5596,0.5889666666666666,1.3447,0.7573000000000001,1.6565666666666667,1.2896,0.5729333333333333,0.5682666666666666,0.5974333333333333,0.5694,0.5891666666666667,0
2008-03-04,0.6165333333333333,0.5927666666666667,1.4819666666666669,0.6093,0.5634666666666667,0.5618666666666667,0.6103000000000001,1.0124666666666666,0.8583999999999999,0.45996666666666663,0.4711666666666667,0.43433333333333335,1.5741666666666667,1.2777,1.3699000000000001,1.5706,3.4114,3.4701999999999997,1.5404666666666667,1.3406,1.3336333333333334,1.3592000000000002,1.0230000000000001,0.2731,2
2008-03-05,0.3198666666666667,0.26353333333333334,0.27236666666666665,0.3213666666666667,0.261,0.2571333333333333,0.3062333333333333,0.27299999999999996,1.2432,0.2939,0.2983,0.27463333333333334,0.2686,1.0601333333333334,2.179866666666667,1.7560333333333333,3.181233333333333,2.0116666666666667,3.4016666666666664,2.5459666666666667,2.0587999999999997,4.648766666666666,4.775533333333333,1.6806666666666668,2
2008-03-06,1.7053333333333334,1.5611333333333335,1.3573333333333333,1.3596333333333335,1.3848666666666667,1.3474333333333335,2.5687,3.4570999999999996,2.3630333333333335,2.3718333333333335,1.9158,1.2992333333333332,1.3212666666666668,1.3642333333333334,1.3516666666666666,1.3419999999999999,1.3674666666666666,1.3096666666666665,1.9775999999999998,1.3089333333333333,2.6372,3.2032666666666665,1.3046,0.5408000000000001,0
2008-03-07,0.2598666666666667,0.30619999999999997,0.2594666666666667,0.27313333333333334,0.3156333333333333,0.8925333333333333,1.0092333333333334,2.1502333333333334,1.3339,0.8831000000000001,1.3430666666666666,4.509733333333333,1.8688666666666667,1.6759333333333333,1.2377333333333334,0.5763999999999999,0.3353,0.7432666666666667,0.4212666666666667,1.2120333333333333,2.0961333333333334,3.1760666666666664,2.2154666666666665,1.9546999999999999,1
2008-03-08,0.9418666666666666,0.35866666666666663,0.3196333333333333,0.3331666666666667,0.34896666666666665,0.3101333333333333,0.34813333333333335,0.9978333333333332,0.6297333333333334,0.41796666666666665,1.2697666666666667,0.5867666666666668,0.7751333333333333,1.9078666666666666,1.9784000000000002,1.5756000000000001,2.984866666666667,3.1724666666666668,2.8259,4.4196333333333335,3.7775666666666665,2.1490333333333336,2.8618666666666663,2.1867,2
2008-03-09,1.8539333333333334,2.0067,0.8768999999999999,0.4386333333333334,0.3257333333333333,0.3325666666666667,0.3236,0.3091,0.3867333333333333,1.0447333333333333,0.8192666666666667,0.4934333333333333,1.4329666666666665,1.1177666666666668,0.9054,1.4836666666666667,0.5545666666666667,0.6700666666666667,0.9500333333333334,1.8599999999999999,3.9185000000000003,2.5026333333333337,1.0598666666666667,0.3408333333333333,2
2008-03-10,0.3640333333333333,0.31246666666666667,0.6631,0.6360666666666667,0.3262333333333334,0.33153333333333335,1.5065,2.8151333333333337,2.346233333333333,1.3808,1.397,1.4046999999999998,1.4231666666666667,0.8689666666666667,0.28323333333333334,0.3507,0.317,0.34913333333333335,0.3950333333333333,1.8535000000000001,2.5949999999999998,2.4248666666666665,1.6217333333333335,1.0119666666666667,1
2008-03-11,1.2968000000000002,1.0514333333333332,0.2811,0.3317333333333333,0.27143333333333336,0.2626,1.0184666666666666,2.070133333333333,0.739,0.517,0.5815333333333333,1.9351999999999998,3.6876333333333333,3.141766666666667,1.9887666666666666,0.9499,0.5428333333333334,0.6782666666666667,3.184633333333333,2.9025666666666665,2.4364333333333335,2.2248333333333337,2.9612666666666665,1.6120333333333332,2
2008-03-12,1.4059666666666668,1.3537666666666666,1.3560333333333332,1.3860666666666668,0.7742333333333333,0.28490000000000004,0.6244333333333334,1.4066666666666667,2.1118,1.4140666666666668,2.5123333333333333,0.5444666666666667,0.33796666666666664,0.9532,0.32080000000000003,0.39463333333333334,0.3017,0.3062333333333333,0.4489666666666666,2.8754,2.818833333333333,2.9512666666666667,1.7840666666666667,0.9027333333333334,1
2008-03-13,0.2800333333333333,0.27093333333333336,0.29009999999999997,0.3340666666666667,0.2649,0.8497333333333333,0.8313,2.0481666666666665,1.4482666666666666,1.4338333333333333,0.5365,0.37289999999999995,0.3105,0.8145333333333333,0.4346333333333333,0.3509,0.7065333333333333,0.5786,2.0844333333333336,2.9763666666666664,4.6837,5.014166666666667,0.6628666666666666,0.34726666666666667,1
2008-03-14,0.3106,0.3338,0.32283333333333336,0.27609999999999996,0.6380666666666667,0.4625,0.6786666666666666,2.2570333333333332,2.0260333333333334,1.5517333333333334,2.2159666666666666,1.849,1.8150666666666666,1.7758333333333334,1.9736,2.7817999999999996,1.8389666666666666,1.5635000000000001,2.4589333333333334,2.5546,2.3448333333333333,2.832,1.5138,0.46173333333333333,2
2008-03-15,0.2944333333333333,0.33376666666666666,0.29923333333333335,1.0299333333333334,0.27896666666666664,0.3494,0.29986666666666667,0.8028666666666666,1.3105333333333333,2.0464666666666664,2.1527000000000003,1.8842333333333334,1.6410333333333333,1.5585666666666667,1.548433333333333,0.8198000000000001,0.7502333333333334,0.5310333333333334,0.9434333333333333,1.4558666666666666,1.5256666666666667,1.7068,2.2490333333333337,0.4593666666666667,0
2008-03-16,1.1906,0.4750333333333333,0.29300000000000004,0.2793333333333334,0.31816666666666665,0.6107999999999999,0.5947666666666667,0.274,0.7625333333333334,0.45,0.7954666666666667,1.4503333333333333,1.6341333333333334,1.5753333333333333,1.5656999999999999,1.2276333333333334,0.43683333333333335,0.3876,3.0460333333333334,2.878233333333333,3.458566666666667,2.8825333333333334,1.9337333333333333,1.5123,2
2008-03-17,1.3534333333333335,0.9716,0.31943333333333335,0.2711,0.27226666666666666,0.26666666666666666,1.1839,2.423466666666667,1.3877,1.3248333333333335,1.9439,3.142733333333333,2.757233333333333,0.6680666666666667,0.38453333333333334,1.3431,1.7796999999999998,0.5464,0.5317666666666666,1.2750333333333332,2.0502,1.3105,0.5776666666666668,0.3634,0
2008-03-18,0.2829666666666667,0.2845333333333333,0.2703,0.3287333333333333,0.3282333333333333,0.26683333333333337,1.1732666666666667,1.8323333333333334,1.9263000000000001,2.0403666666666664,1.4727,1.4286666666666668,1.3597333333333335,0.39783333333333337,1.6300666666666668,1.7287666666666666,3.7211,1.8040999999999998,1.4778999999999998,1.9912666666666667,2.0101,1.7563333333333333,1.9899,0.45709999999999995,2
2008-03-19,0.35273333333333334,0.2970333333333333,0.3015,0.3341,0.3689,0.3312666666666667,1.5475333333333334,1.9701,2.0223,1.9356666666666666,0.7395999999999999,0.6126666666666666,1.0532,0.3277,0.36893333333333334,0.35403333333333337,0.6710333333333334,0.5867,0.6868333333333333,1.9122666666666668,2.8731666666666666,1.3767,0.5096333333333333,0.2738666666666667,1
2008-03-20,0.28463333333333335,0.32006666666666667,0.3181333333333333,0.3172333333333333,0.8866999999999999,0.26936666666666664,0.6923333333333334,1.1427666666666667,1.6353333333333333,1.5560333333333332,1.6983666666666666,1.8798666666666668,0.5091666666666667,0.31626666666666664,0.2833333333333333,0.2721,0.2840666666666667,0.35,1.1247666666666667,2.7986,1.8,1.1969333333333334,0.5796666666666667,0.37216666666666665,1
2008-03-21,0.34090000000000004,0.31880000000000003,0.2745666666666667,0.9659666666666666,0.4047,0.3232333333333333,0.6996666666666668,1.7852666666666666,1.7935,1.3981,1.3936666666666668,1.3655333333333333,1.2742,0.5287333333333334,2.195,2.759866666666667,3.632833333333333,1.8130666666666668,2.099066666666667,2.0108,2.0865666666666667,3.028633333333333,1.475,0.47303333333333336,2
2008-03-22,0.36133333333333334,0.3486,0.3497,0.34546666666666664,0.3368333333333334,0.8301,0.34659999999999996,0.6992333333333334,1.3506333333333334,1.2918999999999998,1.9758666666666669,1.7416666666666667,1.1540333333333335,0.7357666666666667,0.32380000000000003,0.29463333333333336,3.0853666666666664,2.1965333333333334,2.8814,3.5829666666666666,3.6879333333333335,2.8930000000000002,1.8439333333333332,1.5679666666666667,2
2008-03-23,0.45696666666666663,0.3115,0.3291,0.29560000000000003,0.29446666666666665,0.29866666666666664,0.2907,0.4846333333333333,1.3814666666666668,1.9967,2.1467666666666667,1.4328666666666665,1.4661333333333333,3.1971333333333334,3.4472,1.7403666666666666,2.3016333333333336,1.6808666666666667,2.833966666666667,3.2774666666666668,4.934,1.7224,1.5528333333333333,0.8930666666666667,2
2008-03-24,0.42443333333333333,0.46686666666666665,0.4825666666666667,1.0123666666666666,0.2947,0.2852,0.27776666666666666,0.6016999999999999,0.3448333333333334,3.1896,1.5646333333333333,1.6624,1.9478666666666666,1.6742372881355931,1.8491,3.1034333333333333,0.7005,0.9594333333333334,1.2430999999999999,2.5435000000000003,2.0035333333333334,2.2493333333333334,2.5964,1.4615333333333331,2
2008-03-25,0.28300000000000003,0.3326,0.2793,0.26810000000000006,0.2674333333333333,0.3000666666666667,1.3310666666666668,2.2167666666666666,1.9529333333333334,1.8883666666666667,1.3526666666666667,2.1281666666666665,1.9363333333333332,3.4983,2.100366666666667,1.4603,1.549,1.0244,0.5822666666666667,1.8059,1.9143333333333332,3.4063999999999997,1.3565,0.3630333333333333,2
2008-03-26,0.2952,0.2678333333333333,0.2721,0.3144,0.35213333333333335,0.8751,1.0861666666666667,1.7183666666666668,1.3426333333333333,1.9439333333333333,1.4090999999999998,2.6456,1.9971666666666665,0.5427333333333333,0.2817,0.8715333333333334,0.3068666666666667,0.7554,1.9833,2.0459666666666667,2.3298,1.8321333333333334,0.8240333333333333,0.9313333333333333,1
2008-03-27,0.2918,0.6608333333333333,0.5146000000000001,0.30816666666666664,0.2970666666666667,0.2669666666666667,0.7346666666666667,1.7998,1.6959666666666666,1.3414666666666666,1.3357999999999999,1.4875,1.2388333333333332,0.29173333333333334,0.295,0.31346666666666667,0.3272333333333333,1.3721999999999999,1.4406999999999999,0.9602,2.0299,2.2352666666666665,1.0836333333333334,0.5242333333333333,1
2008-03-28,0.2727,0.33243333333333336,0.2683,0.5918666666666667,0.5748333333333334,0.3038,0.8467666666666667,1.8593333333333333,1.9969333333333334,2.1592,2.1739333333333333,3.4577,2.066,1.3886333333333334,1.2879,0.2860333333333333,0.33946666666666664,0.4450333333333333,0.5029333333333333,3.8259666666666665,2.5739666666666663,2.5742333333333334,0.9642333333333333,0.33153333333333335,1
2008-03-29,0.3374333333333333,0.28963333333333335,0.28586666666666666,0.2674333333333333,0.8764333333333333,0.30106666666666665,0.28073333333333333,0.4557,1.5932666666666668,2.0366,2.0416,2.9476,1.8839666666666666,1.8881666666666668,1.4927666666666668,1.4654666666666667,1.5381666666666667,2.6221,2.572366666666667,3.395033333333333,3.7138666666666666,3.1755,3.0181666666666667,2.7068999999999996,2
2008-03-30,2.8474333333333335,2.3053666666666666,1.3720666666666665,1.3142666666666665,0.8551,0.3091666666666667,0.26983333333333337,0.2745666666666667,0.28823333333333334,0.6922333333333334,1.3909666666666667,1.9215666666666666,2.4875,2.3147333333333333,1.3757666666666668,0.6770333333333334,1.1984,0.5887,3.637,1.6144,3.4782,3.0557000000000003,1.0864,0.4185666666666667,2
2008-03-31,0.36393333333333333,0.34336666666666665,0.2843666666666667,0.2847,0.5501,0.5934333333333334,0.4578333333333333,2.559066666666667,2.0035666666666665,1.3504666666666667,1.3372666666666668,1.2985666666666666,0.32693333333333335,0.27593333333333336,0.2888333333333334,0.31039999999999995,0.31533333333333335,0.30046666666666666,0.3035333333333333,0.9171666666666667,2.0577666666666667,2.6262333333333334,2.351,1.4592333333333334,1
2008-04-01,1.3961000000000001,0.7798,0.33843333333333336,0.34456666666666663,0.29286666666666666,0.27426666666666666,0.32626666666666665,1.3082,1.4893666666666665,1.4997666666666667,1.5608666666666666,1.5391666666666668,2.3434000000000004,3.3457333333333334,3.8937666666666666,3.6934666666666667,2.156633333333333,0.996,0.3550333333333333,0.6222666666666666,2.265233333333333,2.4909000000000003,1.8678,0.30429999999999996,0
2008-04-02,0.2912666666666667,0.2932666666666667,0.34106666666666663,0.2781666666666667,0.2957,0.3157,1.2983333333333333,2.0023333333333335,1.6925,1.5431333333333332,1.4943666666666668,1.3664999999999998,1.3396000000000001,0.8604666666666667,0.34463333333333335,0.32563333333333333,0.7107666666666667,0.3887,1.1798666666666666,2.689233333333333,1.6284999999999998,3.4063666666666665,2.3385000000000002,1.7699333333333334,1
2008-04-03,0.30243333333333333,0.2778,0.4014,0.9198333333333333,0.2596,0.2714666666666667,1.5581,2.0161,1.4666,1.4060666666666668,1.3676,0.8941333333333333,0.27413333333333334,0.3231,0.27230000000000004,0.4859,0.42260000000000003,0.4768666666666667,0.6235333333333333,1.2804,1.3713666666666666,1.3604999999999998,0.4682,0.3125666666666667,1
2008-04-04,0.31673333333333337,0.9645333333333334,0.27386666666666665,0.31029999999999996,0.27316666666666667,0.26413333333333333,0.2867,1.9239666666666666,2.2674666666666665,2.0710666666666664,2.4005,1.3735666666666666,1.3396000000000001,1.3526666666666667,1.0136666666666667,0.27840000000000004,0.28846666666666665,0.3675,0.3009,1.6593000000000002,2.140233333333333,2.279733333333333,2.050466666666667,1.4017000000000002,1
2008-04-05,1.0784333333333334,0.2733,0.25966666666666666,0.2830333333333333,0.3219666666666667,0.26676666666666665,0.2859,0.9447333333333333,1.2076666666666667,1.4352666666666667,0.4654,1.2778999999999998,1.8772666666666666,2.1281000000000003,2.256133333333333,1.7057,2.1479333333333335,2.3102666666666667,1.6249,2.1365,3.8412333333333333,2.6387,1.2979666666666667,0.7813,2
2008-04-06,0.4276,0.3485,0.3382,0.3026,0.6771333333333334,0.5084333333333333,0.313,0.3081333333333333,1.0639333333333334,1.2011666666666665,0.9936,3.680066666666667,2.710166666666667,1.8770333333333333,1.1696333333333333,0.39966666666666667,0.48323333333333335,0.5108333333333334,0.8999666666666666,2.317266666666667,2.6785666666666668,2.278766666666667,1.8175,0.9669666666666666,2
2008-04-07,0.47706666666666664,0.3171,0.4305333333333333,0.7742,0.3075333333333334,0.3182,0.6674333333333333,1.3578000000000001,2.0602666666666667,2.024433333333333,1.4160333333333335,1.4349333333333334,1.2267666666666666,0.4558666666666667,0.5504,0.4451333333333333,0.47100000000000003,0.35973333333333335,0.43023333333333336,3.115466666666667,2.4956666666666667,2.7261333333333337,1.4108666666666667,0.3745,1
2008-04-08,0.32456666666666667,0.31976666666666664,0.34193333333333337,0.4935333333333334,0.7773333333333333,0.30863333333333337,1.5141666666666667,3.4991666666666665,2.8031333333333333,2.1511,4.311000000000001,4.678833333333333,3.6978999999999997,3.596433333333333,1.6095000000000002,1.4447333333333332,1.4215333333333333,1.4583666666666666,1.4371666666666667,2.2495,2.4254333333333333,1.8436666666666668,1.0353,0.5492333333333334,0
2008-04-09,0.7929666666666667,0.34740000000000004,0.30713333333333337,0.30656666666666665,0.3544333333333334,0.32086666666666663,0.5132666666666666,2.8517,1.4715333333333334,1.3837,1.3704666666666665,1.4146666666666665,0.8894,0.37526666666666664,0.3198666666666667,0.3340666666666667,0.3522,0.30283333333333334,0.3239666666666666,1.4529666666666665,1.4978,1.4463666666666666,1.2665666666666666,0.3182,1
2008-04-10,0.33490000000000003,0.3783333333333333,0.31170000000000003,0.29969999999999997,0.2984,0.3017666666666667,1.5139666666666665,2.503,2.1421333333333332,2.0089333333333332,0.9340666666666666,0.34776666666666667,0.35850000000000004,0.31839999999999996,0.30346666666666666,0.3031666666666667,0.32913333333333333,0.4368,0.9802666666666666,1.1722666666666666,2.4226666666666663,1.8800333333333332,2.2749,2.4748333333333337,1
2008-04-11,1.3679666666666668,0.8498,0.322,0.3688,0.30856666666666666,0.2954666666666667,1.1599333333333335,2.3505333333333334,2.0879333333333334,1.5027000000000001,1.3476,1.3414,1.3234666666666668,0.3201,0.30136666666666667,1.4492,1.4526666666666666,1.4393333333333334,1.4223,2.235266666666667,2.6796,1.7902333333333333,2.1533333333333333,1.4248333333333332,1
2008-04-12,1.1131,0.9915,0.4026666666666667,0.312,0.30673333333333336,0.3148666666666667,0.3580333333333333,0.6508,1.1815,1.9322666666666668,1.3732333333333335,1.1743333333333332,1.2746,0.9054666666666668,3.5082333333333335,2.5800666666666667,2.9066,3.0797666666666665,5.656433333333334,3.719733333333333,3.0765666666666664,3.4392333333333336,3.1563999999999997,3.2527666666666666,2
2008-04-13,3.3346666666666667,1.439,1.4083,1.4122,1.457,0.43896666666666667,0.34750000000000003,0.5674666666666667,0.5914,1.6360666666666668,1.7628666666666668,0.9567333333333333,0.6480333333333334,1.2228999999999999,1.4294,0.6371666666666667,0.3488666666666667,2.7404,4.0099,3.1281666666666665,3.0619,2.554933333333333,1.5939333333333332,0.4886666666666667,2
2008-04-14,0.34036666666666665,0.3314333333333333,0.3894,0.5180666666666667,0.6723333333333333,0.32703333333333334,1.0243,3.0119666666666665,1.4742,1.4813333333333332,1.5505333333333333,1.5126666666666668,1.4816666666666667,1.5133333333333332,0.7252,0.3967333333333333,0.4109666666666667,0.42693333333333333,0.3629,0.5639000000000001,1.3627666666666667,2.2457,2.5786000000000002,1.7907,1
2008-04-15,0.4709333333333333,0.34113333333333334,0.31523333333333337,0.3289666666666667,0.3717666666666667,0.3222333333333333,1.0366333333333333,0.9538,1.7129333333333332,1.4226999999999999,1.9083666666666665,2.7776666666666667,4.463566666666667,2.0443000000000002,0.3662,0.3364333333333333,0.3999,0.33913333333333334,0.3363,0.4296333333333333,1.5927,1.6885000000000001,2.9219,0.9591666666666666,0
2008-04-16,0.3438333333333333,0.34526666666666667,0.32939999999999997,0.37920000000000004,0.3300666666666667,0.4129333333333333,1.2027333333333334,1.7948333333333333,1.4098000000000002,1.4487333333333334,1.5270333333333332,0.4013,0.4343333333333333,1.0561,1.0340333333333334,0.4957666666666667,1.1984333333333335,1.4089333333333334,1.4044666666666668,1.7273,2.1597999999999997,1.7663666666666666,1.1648666666666665,1.0422,1
2008-04-17,0.7076666666666667,0.6837666666666667,0.31179999999999997,0.30556666666666665,0.32066666666666666,0.35483333333333333,0.8516999999999999,1.9829,1.6733333333333333,1.4155666666666666,1.2219,0.3166333333333334,0.35403333333333337,0.36436666666666667,0.32939999999999997,0.32883333333333337,0.38336666666666663,0.3609,1.0478333333333334,0.6975666666666667,3.0369333333333333,3.8928000000000003,1.7764666666666666,0.5455333333333333,1
2008-04-18,0.41169999999999995,0.3358666666666667,0.33066666666666666,0.3483333333333334,0.5450999999999999,0.7630666666666667,0.7271333333333333,1.5828666666666666,1.8049333333333335,1.4524666666666666,3.119,3.2862666666666667,3.3486333333333334,1.5312,1.5376666666666667,0.6657666666666666,0.6009,0.34736666666666666,0.32139999999999996,0.5690666666666666,2.1081333333333334,1.9818,2.306833333333333,1.0136666666666667,0
2008-04-19,0.69,0.34223333333333333,0.36910000000000004,0.40696666666666664,0.3247666666666667,0.8851333333333334,0.44553333333333334,0.6301666666666667,0.5212333333333333,2.0888,1.6681333333333332,1.7405666666666666,1.6280666666666666,1.3232,2.294366666666667,3.5336333333333334,2.0698666666666665,1.7564333333333333,2.3426666666666667,2.695,2.2692666666666668,2.9644666666666666,2.5867666666666667,1.9854666666666667,2
2008-04-20,0.4437333333333333,1.0884333333333334,0.7683,0.35833333333333334,0.32903333333333334,0.33816666666666667,0.40236666666666665,1.3983999999999999,0.33089999999999997,0.4670666666666667,0.6000333333333334,1.1202,1.6397000000000002,1.6962333333333333,1.5352666666666666,1.544,1.5870333333333333,0.47636666666666666,0.38206666666666667,1.7539333333333333,2.9072999999999998,5.6713000000000005,2.5796666666666668,0.4391333333333333,2
2008-04-21,0.3342333333333333,0.36843333333333333,0.45076666666666665,0.3332333333333333,0.3192333333333333,0.9119666666666666,0.48273333333333335,1.8170333333333333,1.5332000000000001,1.4467999999999999,1.4491666666666667,0.7237666666666667,0.3237,0.42646666666666666,0.3487666666666666,0.3296,0.3272333333333333,0.3927333333333333,0.37206666666666666,0.7230000000000001,1.4762,1.3598999999999999,1.1126333333333334,2.0397333333333334,1
2008-04-22,0.3939333333333333,0.36493333333333333,1.1154333333333333,0.37583333333333335,0.37773333333333337,0.3144,0.7097666666666667,2.0016333333333334,2.207266666666667,0.3136333333333334,0.3247333333333333,0.3871333333333334,0.324,2.679533333333333,2.985066666666667,3.494066666666667,1.8463333333333334,1.4201333333333332,1.4870333333333332,1.1465666666666665,0.9043,1.1525666666666665,0.3994666666666667,0.40243333333333337,2
2008-04-23,0.3378,0.36506666666666665,0.34803333333333336,0.3702666666666667,0.3101333333333333,1.2382333333333333,0.42706666666666665,1.0398666666666667,1.4869333333333332,1.3768,1.4443666666666666,1.0323,0.33536666666666665,0.3621666666666667,0.40356666666666663,0.32566666666666666,0.3529333333333334,0.8097666666666666,0.3779,1.5261333333333333,2.0774333333333335,2.693,1.7076333333333333,1.8737,1
2008-04-24,2.459033333333333,1.1671333333333334,0.3174,0.3519,0.35573333333333335,0.3141,0.5648,1.5561,1.0882333333333334,0.3206333333333333,0.34123333333333333,0.35609999999999997,0.32153333333333334,0.3096333333333333,0.4264,0.5337666666666667,0.6942,0.3307,0.3706333333333333,0.4296333333333333,1.4195333333333333,1.2671666666666668,1.1041666666666667,0.9964333333333334,1
2008-04-25,0.34349999999999997,0.3575333333333333,0.3049,0.31649999999999995,0.3565,0.3188333333333333,1.0918666666666668,1.5806,1.4754666666666667,1.4030999999999998,1.1786999999999999,0.37273333333333336,0.8796666666666667,3.097766666666667,2.0826333333333333,1.4404,0.9682,0.30716666666666664,0.44116666666666665,0.8025,0.8168666666666666,0.4724333333333333,0.4069333333333333,0.31293333333333334,0
2008-04-26,0.7070666666666666,0.6327333333333333,0.3487666666666666,0.3061,0.36623333333333336,0.333,0.31033333333333335,0.32139999999999996,0.5115000000000001,0.4761333333333333,1.1804,0.8150333333333334,0.5069333333333333,0.5699000000000001,0.5836,0.7123333333333334,0.6978333333333333,0.6045666666666667,0.6627333333333334,0.6671666666666667,0.5530333333333334,1.8937,0.6719333333333334,0.6203333333333333,2
2008-04-27,1.2277333333333333,1.0113333333333334,0.49656666666666666,0.3753,0.3374,0.3546333333333333,0.3420333333333333,0.6111333333333333,1.0395999999999999,0.6376333333333334,0.7082666666666667,0.5149666666666667,0.40356666666666663,0.8101666666666667,0.5781,0.8285333333333333,1.5395666666666665,0.5009333333333333,1.4248333333333332,1.3550333333333335,0.5971666666666666,0.38953333333333334,0.3836,0.33636666666666665,0
2008-04-28,0.3581333333333333,0.6244,0.31176666666666664,0.5105999999999999,0.8600666666666666,0.3905,0.30796666666666667,0.3473333333333333,0.42583333333333334,0.31333333333333335,0.5543666666666667,0.6874333333333333,0.45876666666666666,0.32526666666666665,1.1341333333333334,0.39280000000000004,0.4086666666666667,0.42260000000000003,0.3500333333333333,0.35396666666666665,0.3774666666666667,0.31253333333333333,0.3803,0.37593333333333334,0
2008-04-29,0.825,0.7450333333333333,0.3578,0.31153333333333333,0.3660333333333333,0.37193333333333334,0.32686666666666664,0.3131333333333333,0.3527666666666667,0.3656666666666667,2.2723,2.5771666666666664,4.589166666666667,3.8032,1.4966333333333333,1.0529333333333333,0.3717333333333333,0.5298,1.5002,2.0976,1.2114,1.7449666666666666,3.0494666666666665,2.2445999999999997,0
2008-04-30,1.9715999999999998,2.0547,2.4307666666666665,1.4987666666666668,0.37583333333333335,0.3136333333333333,0.32586666666666664,0.3549666666666667,1.0037666666666667,1.3890333333333333,1.4228333333333334,0.5365,0.3340666666666667,0.31489999999999996,0.3841,0.38186666666666663,0.30966666666666665,0.3090333333333334,0.7872333333333333,0.5489333333333334,0.30389999999999995,0.3246333333333334,0.3776,0.3079,0
2008-05-01,0.31983333333333336,0.3418333333333333,0.33976666666666666,0.3142666666666667,1.0265666666666666,0.36983333333333335,0.3199666666666667,0.31470000000000004,0.3374666666666667,0.3551,0.3207333333333333,0.30283333333333334,0.36819999999999997,0.3302,1.0833333333333333,0.42793333333333333,0.3611333333333333,0.31799999999999995,0.35703333333333337,0.3611333333333333,0.32139999999999996,0.31553333333333333,0.32893333333333336,0.3645,0
2008-05-02,0.6193333333333333,0.9448000000000001,0.3617666666666667,0.32966666666666666,0.3158333333333333,0.31329999999999997,0.37,0.3131333333333333,0.3093333333333333,1.5288666666666666,2.7899666666666665,1.4549333333333332,1.4316,0.8036333333333333,0.31926666666666664,0.31453333333333333,0.37906666666666666,0.39786666666666665,1.3931333333333333,1.4968,2.6347333333333336,1.5676999999999999,2.1219,2.4516333333333336,2
2008-05-03,2.8899,2.3642,0.6719333333333334,0.4800666666666667,0.37876666666666664,0.39253333333333335,0.45393333333333336,0.3877,0.3859,0.9246,2.4609666666666667,1.9001333333333332,0.7497,0.40346666666666664,0.32403333333333334,0.37393333333333334,0.36476666666666663,0.3506,0.3668666666666667,0.3393333333333333,0.9934333333333334,0.3248333333333333,2.5259,0.6858333333333333,0
2008-05-04,0.7357333333333334,0.9139999999999999,0.6975666666666667,0.383,0.33209999999999995,0.3693,0.3716333333333333,0.33766666666666667,0.5560666666666666,0.7240666666666667,0.9381666666666667,0.4749666666666667,0.6511,0.6908,0.5930333333333333,1.4626666666666668,0.8002,1.0609,3.370433333333333,3.1932666666666667,0.7824666666666666,3.1541,1.4832333333333334,0.43970000000000004,2
2008-05-05,0.3520333333333333,0.4168333333333333,0.35253333333333337,0.9400333333333334,0.35333333333333333,0.325,1.6041999999999998,1.7860666666666667,1.9912666666666667,1.8679666666666668,1.3614,1.4697,1.2103333333333333,0.3515666666666667,0.39919999999999994,0.33476666666666666,0.5222666666666667,0.44116666666666665,0.4028,0.7730333333333334,1.881,1.3525666666666667,1.5909,0.7022333333333334,1
2008-05-06,0.48486666666666667,0.3695333333333333,0.40226666666666666,1.0177,0.34486666666666665,0.38506666666666667,0.5827666666666667,1.3961000000000001,1.3802333333333334,1.4723333333333335,1.1483666666666668,0.40376666666666666,0.3222333333333333,0.34313333333333335,2.1997,3.8105666666666664,3.008666666666667,3.1444666666666667,1.6465999999999998,1.5390333333333333,0.5853,1.2361333333333335,1.7982,0.8110999999999999,2
2008-05-07,0.4265666666666667,0.3627333333333333,0.3842666666666667,0.34149999999999997,0.38353333333333334,0.33416666666666667,1.1126666666666667,1.6429,1.4380666666666666,1.4341666666666666,0.7225333333333332,0.5533666666666667,0.41273333333333334,0.48800000000000004,0.8068666666666666,0.4539666666666667,0.9495,0.35373333333333334,0.6064666666666666,1.0011333333333332,0.6527,1.451566666666667,1.3551666666666666,1.9361,1
2008-05-08,1.4062333333333332,1.0670666666666666,1.1249333333333333,1.0633666666666666,1.1170333333333333,1.1123666666666667,1.0695333333333332,1.0217,0.3756333333333333,1.5376,0.4754333333333333,1.2304,2.3578333333333332,1.7431333333333332,1.8505333333333334,2.093233333333333,1.1712666666666667,0.4567333333333333,1.0647,2.912,2.0966,1.7998666666666667,2.993733333333333,2.1373666666666664,2
2008-05-09,0.7609999999999999,0.39923333333333333,0.4342333333333333,0.45826666666666666,0.3719,0.43483333333333335,0.4188666666666666,1.2666666666666666,0.9194333333333334,2.4879333333333333,2.1530666666666667,1.9892333333333334,1.9534666666666667,2.6425,2.2481999999999998,1.0734333333333335,0.7424,0.7959333333333334,1.9914666666666667,1.9178666666666666,0.7813,1.6780000000000002,0.8152,0.38676666666666665,0
2008-05-10,0.4212666666666667,0.47636666666666666,0.4345333333333333,0.3474333333333333,0.3723666666666666,0.4623333333333333,0.7962,0.8025666666666668,0.5664,1.5756666666666668,2.2714,1.2192666666666667,1.7212666666666665,1.6209666666666667,1.4652666666666667,1.7448333333333332,3.930333333333333,1.4263333333333332,1.8148000000000002,1.7022000000000002,1.6423999999999999,1.6129666666666667,1.5711000000000002,1.8205333333333333,2
2008-05-11,1.7595999999999998,2.1616666666666666,1.7116666666666667,0.7081,0.7181333333333334,0.3655,0.24776666666666666,0.3234333333333333,0.5389666666666667,0.5972333333333334,1.3079666666666665,1.3270333333333333,0.609,0.6415333333333333,2.061166666666667,2.0874,1.1869333333333332,1.0251666666666666,0.9713666666666666,0.956,1.0499,1.0763333333333334,2.6546000000000003,0.7622,0
2008-05-12,0.3112333333333333,0.3484666666666667,0.2516,0.29309999999999997,0.35196666666666665,0.2305,0.32253333333333334,0.32086666666666663,1.0638333333333334,0.4906,2.2717,2.4250666666666665,1.7551666666666668,1.2306666666666668,1.8291,1.3848666666666667,1.4898333333333333,1.4765333333333333,0.8472333333333333,0.5269,1.0795666666666668,1.6231333333333333,2.6135666666666664,0.8653666666666666,0
2008-05-13,0.37876666666666664,0.31626666666666664,0.2783,0.30946666666666667,0.21813333333333335,0.3292333333333334,0.7329333333333333,1.8391,1.3267666666666666,1.1910666666666667,0.29133333333333333,0.2879333333333333,0.27730000000000005,0.3207333333333333,1.3163333333333334,3.327566666666667,3.008366666666667,2.2152666666666665,0.6971666666666666,0.5519999999999999,1.3505666666666667,0.9935666666666666,1.7829666666666666,1.2737666666666667,2
2008-05-14,0.5038333333333334,0.32726666666666665,0.856,0.3305666666666667,0.2686,0.2929333333333333,1.3277,1.8332666666666666,1.5276666666666665,1.3567333333333333,2.3863,1.4103666666666668,0.3231333333333334,0.8626333333333334,0.9348666666666666,1.4844000000000002,1.1464666666666665,2.0128333333333335,0.7169333333333333,1.3054666666666668,2.1968,1.5099333333333333,0.5950333333333333,0.8946333333333333,0
2008-05-15,0.46173333333333333,0.2955666666666667,0.31766666666666665,0.29619999999999996,0.2908,0.2897666666666667,0.7317333333333333,1.9113333333333336,1.8659333333333334,1.7719333333333334,0.5620999999999999,0.2638,0.5696333333333333,0.34456666666666663,0.5705666666666667,0.45193333333333335,0.5698666666666666,0.7861333333333334,1.0277666666666667,0.659,1.3340666666666665,2.6833,1.0259666666666667,0.2981,1
2008-05-16,0.373,0.29156666666666664,0.3136333333333334,0.9174333333333333,0.3261,0.2688,0.5595,1.7958666666666665,1.0599,0.3105,0.9192666666666667,0.35810000000000003,1.4624,2.3440333333333334,3.369066666666667,1.4238333333333333,0.4726666666666667,0.6571666666666667,1.2418,1.058103448275862,2.3220666666666667,3.3417000000000003,1.9099,0.40603333333333336,2
2008-05-17,0.2965666666666667,0.8032666666666667,0.2737666666666667,0.3291,0.22283333333333336,0.3491,0.23513333333333333,0.8256,1.9586333333333334,2.1850666666666667,1.6658333333333333,0.9463,0.5349333333333333,1.5405666666666666,0.9108666666666667,0.41173333333333334,0.48660000000000003,0.5158666666666666,0.8263333333333333,1.7635,1.8377333333333332,2.470066666666667,2.8943,3.340533333333333,1
2008-05-18,1.0621333333333334,1.4094666666666666,1.4934666666666667,0.3072,0.33766666666666667,0.2518,0.23513333333333333,0.35046666666666665,0.5562,0.6113,1.6512333333333333,1.9239666666666666,1.7950333333333333,1.3114666666666668,0.37706666666666666,0.2702666666666667,0.2828333333333333,0.8451000000000001,0.7688666666666666,1.7656999999999998,4.230700000000001,4.466466666666666,2.879566666666667,0.8828666666666667,1
2008-05-19,0.3731666666666667,0.2498,0.22946666666666668,0.3249,0.22813333333333335,0.33813333333333334,1.2599333333333333,2.265333333333333,1.2915999999999999,1.3304,1.2984333333333333,0.37420000000000003,0.2657333333333333,0.21746666666666667,0.3044,0.22953333333333334,0.22886666666666666,0.2533666666666667,0.2725,0.36806666666666665,1.7759666666666667,1.7489333333333332,1.5837,0.359,1
2008-05-20,0.27903333333333336,0.2601,1.0193333333333332,0.26586666666666664,0.2680666666666667,0.2214,0.6714666666666667,1.8036666666666668,1.2814666666666668,1.0430333333333333,0.9855333333333333,2.3456333333333332,3.8764666666666665,1.9588333333333334,1.3404999999999998,1.3296,0.9445666666666667,0.2566,0.2595,1.1131,1.3426333333333333,1.9354666666666667,1.1183333333333332,0.4353666666666667,0
2008-05-21,0.3347333333333333,0.21023333333333336,0.22366666666666665,0.27703333333333335,0.4931,0.6373,0.7585333333333334,1.6751,1.5813333333333333,1.3703,1.3979,1.2889333333333333,0.3486,0.3231,0.33026666666666665,0.7182,0.7976,0.27599999999999997,0.3741333333333333,0.9221666666666667,1.3030666666666666,2.2717666666666667,2.2254666666666667,1.93,1
2008-05-22,0.26216666666666666,0.3411666666666667,0.26416666666666666,0.31033333333333335,0.27899999999999997,0.24633333333333332,0.6249333333333333,0.9954999999999999,1.6017333333333332,1.2707666666666666,1.1387666666666667,0.23583333333333334,0.2203,0.32863333333333333,0.4310333333333333,0.4451333333333333,0.3231,0.25293333333333334,0.25353333333333333,1.3473666666666666,0.8391666666666667,1.3395666666666666,1.6838000000000002,1.2458666666666667,1
2008-05-23,0.2808,0.23046666666666668,0.29450000000000004,0.23543333333333336,0.21516666666666667,0.31839999999999996,1.5098333333333334,1.8290666666666666,1.5823666666666665,1.5693333333333332,2.708666666666667,1.6327333333333334,1.3594666666666666,1.3750333333333333,1.3514333333333333,1.3170333333333335,1.4302,1.3463666666666667,1.2192333333333332,0.2457,0.45263333333333333,0.6805333333333333,0.6909333333333334,0.8732666666666666,0
2008-05-24,0.27090000000000003,0.2588333333333333,0.2913,0.45399999999999996,0.9857666666666667,0.21316666666666667,0.31976666666666664,0.5539666666666666,1.4882,1.3814,1.3649333333333333,0.5102666666666666,0.9306666666666668,1.0725333333333333,1.2083333333333333,1.4340666666666666,1.2827333333333333,1.5915333333333335,2.1218999999999997,1.8437666666666668,1.0881333333333332,2.2391,1.8841333333333334,1.5468666666666666,2
2008-05-25,0.7559333333333333,0.7190333333333334,0.5880666666666666,0.6347666666666666,0.5175333333333333,0.87,0.2765666666666667,0.2988,0.6370333333333333,0.8817,0.7367666666666667,1.7427,2.3665666666666665,2.454133333333333,2.2307333333333332,0.6083666666666667,2.2207999999999997,0.8052666666666667,2.0287333333333333,3.1296666666666666,2.847933333333333,2.309966666666667,3.9782333333333333,0.5024333333333334,2
2008-05-26,0.32953333333333334,0.35256666666666664,0.2870666666666667,0.3301,0.30966666666666665,0.2784333333333333,0.9268666666666667,1.6950333333333334,1.6277666666666666,1.4792666666666667,1.6227666666666667,1.6696,0.7544,0.6708666666666667,0.5302,0.45380000000000004,0.4666666666666667,0.4140333333333333,0.4904,0.5819333333333334,0.8142666666666667,1.7458666666666667,2.7454666666666667,0.9186,1
2008-05-27,0.32260000000000005,0.3128,0.30820000000000003,0.2851666666666667,0.27419999999999994,0.28946666666666665,0.9468,1.9025666666666665,1.4571,1.4864333333333335,1.6744333333333334,1.218,0.7464999999999999,0.47536666666666666,0.6194666666666666,1.8772,3.0297,3.504366666666667,2.190033333333333,1.2719333333333334,0.9191333333333332,0.6584333333333333,2.155666666666667,0.5527666666666666,2
2008-05-28,0.30123333333333335,0.2237,0.3339,0.22053333333333336,0.2553666666666667,0.28923333333333334,0.9008,1.1419666666666666,1.6709,1.4461333333333333,0.7652666666666667,0.2876,0.5067,0.2913,0.4519,0.6472,0.7510333333333333,0.2799,1.3929666666666667,1.8914333333333333,1.0994666666666668,2.0613333333333332,1.0797333333333334,0.28326666666666667,1
2008-05-29,0.32603333333333334,0.3344,0.28883333333333333,0.35229999999999995,0.2637333333333333,0.3678,1.4262333333333332,1.5473333333333334,1.6112,1.3626666666666667,1.5414333333333334,1.4651999999999998,0.9779333333333333,0.2862,0.24509999999999998,0.25143333333333334,0.2938,0.30593333333333333,0.22953333333333334,0.4507333333333333,1.0559333333333334,1.6145,1.6801,0.6395666666666667,1
2008-05-30,0.33383333333333337,0.2653333333333333,0.30566666666666664,0.24903333333333333,0.27476666666666666,0.2705,0.7896333333333333,1.4657333333333333,1.6011666666666668,1.8009,1.9294666666666667,3.414,1.7737333333333334,1.4988666666666668,0.9632000000000001,0.48196666666666665,0.437,0.5120333333333333,0.4122333333333333,0.7143666666666667,1.6087,1.3025333333333333,0.4339,0.4488333333333333,0
2008-05-31,0.27896666666666664,0.271,0.2669666666666667,0.2827,0.2444666666666667,0.6511333333333333,0.5102666666666666,0.8095333333333333,1.4183666666666668,1.4615333333333334,0.9550666666666667,0.5814,0.6838333333333334,2.3637333333333337,2.6467,1.0304,0.7910333333333333,1.5961,1.6785333333333334,2.2752333333333334,1.8480666666666667,1.2397666666666667,1.4991333333333332,1.9739,2
2008-06-01,1.3317,1.6205,0.9017000000000001,0.34659999999999996,0.21913333333333332,0.2697333333333333,0.29263333333333336,0.2280666666666667,1.0170000000000001,1.0634666666666666,1.3886333333333334,1.4247333333333332,1.5000333333333333,0.8670666666666667,0.8705333333333333,1.8942333333333332,0.8718333333333333,1.3262333333333334,1.4358,2.9322666666666666,2.1817333333333333,2.9010333333333334,2.718366666666667,1.2115666666666667,2
2008-06-02,0.25533333333333336,0.3121,0.2869,0.27596666666666664,0.27616666666666667,0.2507,1.1148,2.341733333333333,1.9969333333333334,1.9941666666666669,0.6403,0.5532666666666667,0.4996333333333334,0.6477666666666667,0.5349,0.6675666666666668,0.4526,0.40099999999999997,0.3907333333333333,1.3190333333333333,0.6459333333333334,0.6823,1.0228333333333333,0.3375333333333333,1
2008-06-03,0.21423333333333336,0.328,0.21059999999999998,1.0475333333333332,0.3519333333333333,0.2838333333333333,0.8822333333333333,1.8764,1.6688333333333332,1.6919333333333335,1.2866666666666666,1.6159666666666666,0.6577000000000001,0.3804,0.26163333333333333,0.4005,0.9616,0.21223333333333333,0.3143333333333333,2.1401,3.492166666666667,2.0569666666666664,2.540233333333333,1.7542333333333333,1
2008-06-04,0.8136666666666666,0.2907666666666667,0.2718333333333333,0.2665,0.39013333333333333,0.8097,1.2037,3.4474333333333336,1.5910333333333333,1.3386666666666664,1.1895666666666667,2.0974333333333335,0.8624666666666666,0.3360666666666667,0.9921666666666666,1.9496,0.5153333333333333,0.2493,0.6007,0.8734333333333333,0.9557,1.966,2.1174,1.3532666666666666,1
2008-06-05,0.9221666666666667,0.33613333333333334,0.24283333333333335,0.35173333333333334,0.24173333333333333,0.28486666666666666,0.6538333333333333,1.2289666666666668,1.4804666666666668,1.2891000000000001,1.2540333333333333,1.2913333333333334,1.1367666666666667,0.40893333333333337,0.3928333333333333,0.26183333333333336,0.2521,0.8968666666666667,0.4042,1.3604333333333334,1.8538,0.9585666666666667,0.9027666666666666,0.26166666666666666,1
2008-06-06,0.3117,0.32006666666666667,0.26833333333333337,0.36933333333333335,0.27046666666666663,1.0429333333333333,0.6655,0.903,1.4920666666666667,1.2697666666666665,0.6424666666666667,0.4609,0.43229999999999996,0.39326666666666665,0.6317666666666667,0.6988,0.5218333333333333,0.4432,0.9276333333333333,0.6436333333333334,3.0635666666666665,2.9663666666666666,1.0110333333333332,0.5452999999999999,1
2008-06-07,0.6182333333333333,0.5571333333333333,0.5324666666666666,0.6408333333333334,0.5263,0.6209666666666667,1.0938666666666668,1.4656666666666667,1.9191333333333334,1.6162333333333334,1.7247999999999999,1.9203000000000001,1.9522333333333333,3.9011666666666667,2.2892333333333332,1.4078000000000002,1.3890666666666667,1.5543666666666667,0.7586666666666667,2.0221999999999998,1.7403000000000002,0.45676666666666665,0.34026666666666666,0.3267333333333333,0
2008-06-08,0.3593,0.3831333333333333,0.31320000000000003,0.21213333333333334,0.7966333333333334,0.3785,0.2525,0.2704666666666667,0.4452666666666667,0.3191333333333333,0.19993333333333335,1.3636000000000001,0.6616666666666667,1.3394333333333333,1.8692,2.1873666666666667,1.8302,1.9016,1.5150000000000001,2.5662000000000003,1.3897000000000002,3.3245666666666667,1.5397333333333334,0.2869,2
2008-06-09,0.3032333333333333,0.3086,0.24306666666666665,0.3343,0.21993333333333334,0.32753333333333334,1.2141333333333333,1.6707666666666665,3.1625,1.0609666666666666,0.5161666666666667,1.0672,1.6519666666666666,0.6887000000000001,0.3935333333333333,0.5042333333333333,0.4432,0.4592,0.5366666666666667,1.3962666666666665,0.5567333333333333,1.1225666666666667,3.0263333333333335,0.8871666666666668,1
2008-06-10,0.3748666666666667,0.28546666666666665,0.3103666666666667,0.23686666666666667,0.2957,0.30510000000000004,1.3381666666666665,1.7553666666666667,1.3329,1.3761666666666665,1.3540666666666668,1.5231,0.41763333333333336,0.3185333333333333,0.3116333333333333,0.2764666666666667,0.2791666666666667,0.3187666666666667,0.32783333333333337,1.0590333333333333,0.6926,2.184166666666667,0.7678999999999999,0.34296666666666664,1
2008-06-11,0.2766,0.3269,0.251,0.2897,0.8775,0.4704666666666667,0.8294,2.1564666666666668,1.7261666666666668,1.1995,0.43723333333333336,0.43666666666666665,0.5033666666666667,0.37006666666666665,0.23700000000000002,0.9628333333333334,0.30106666666666665,0.7062666666666666,0.2846,1.1957,1.0205333333333333,2.251,1.2518,0.3582666666666666,1
2008-06-12,0.3138666666666667,0.3095333333333333,0.34513333333333335,0.3218333333333333,0.2929333333333333,0.3248666666666667,1.2186666666666668,1.8915666666666666,2.2003,2.0210333333333335,1.4705333333333332,0.9162666666666667,0.4315333333333333,0.7306333333333334,0.5197999999999999,0.46066666666666667,0.28526666666666667,0.31553333333333333,0.7571333333333333,0.9098,2.1029,1.3795,1.0673,0.40226666666666666,1
2008-06-13,0.22390000000000002,0.3166,0.21276666666666666,0.3179,0.8171666666666667,0.2919,0.7606666666666667,1.6162666666666667,1.9491333333333332,1.3361333333333334,1.2867666666666666,0.8702000000000001,2.0557,0.7421666666666666,3.0503,0.9625666666666667,0.9821333333333333,2.9069,1.8246101694915255,1.8119333333333332,1.6292666666666666,1.6372666666666666,2.619666666666667,1.0465,2
2008-06-14,0.3426,0.33093333333333336,0.2887,0.36766666666666664,0.2647,0.3676666666666667,0.6993666666666667,1.6098,0.39213333333333333,0.45030000000000003,1.0527333333333333,0.7652666666666667,1.6699,1.6115666666666668,1.4520000000000002,1.4450666666666665,1.3757666666666666,0.39953333333333335,0.7106,1.6142,1.0002666666666666,2.0846,1.682,1.1046333333333334,2
2008-06-15,0.7488333333333334,0.5468,0.4646,0.5153333333333333,0.7859666666666667,0.3953333333333333,0.20786666666666667,0.5992999999999999,0.8917999999999999,1.3179666666666667,1.7994999999999999,1.7115333333333331,3.1753333333333336,4.2955000000000005,2.3437333333333332,2.154333333333333,1.3884,1.6224666666666667,2.3984666666666663,3.442633333333333,2.1033666666666666,3.5654,0.9144666666666666,0.7627666666666666,2
2008-06-16,0.49446666666666667,0.41613333333333336,0.26363333333333333,0.25283333333333335,0.26086666666666664,0.2523,1.5332000000000001,2.341066666666667,1.6142,1.5698333333333332,1.2994333333333332,0.22346666666666665,0.27523333333333333,0.2119,0.2680666666666667,1.1049333333333335,0.52,0.3546666666666667,0.40323333333333333,1.1576666666666666,1.5269666666666666,2.9056,1.6277,0.84,1
2008-06-17,0.2826666666666667,0.2889,0.22766666666666666,0.27426666666666666,0.22543333333333332,0.28650000000000003,1.5882,1.7076,1.2757,1.3337333333333334,0.4915,0.359,0.3597,0.4785333333333333,0.39280000000000004,1.0012,0.49939999999999996,0.4824333333333334,0.40776666666666667,0.8128666666666666,1.6413666666666666,2.1855333333333333,2.1075,0.37446666666666667,1
2008-06-18,0.2765333333333333,0.24093333333333333,0.25156666666666666,0.30106666666666665,0.20270000000000002,0.2768333333333333,1.4008666666666665,1.93,1.8113333333333335,1.8578333333333332,2.0482,2.4833333333333334,0.8739666666666667,0.47603333333333336,0.8665333333333333,0.7594,3.6527000000000003,1.5926,0.5525333333333333,3.080433333333333,1.7232666666666667,1.6803,1.8633333333333333,1.3578333333333332,2
2008-06-19,0.3919666666666667,0.28853333333333336,0.28300000000000003,0.2825,0.20476666666666665,0.2998,1.4199333333333333,2.042866666666667,1.5611666666666666,1.7307,0.5408000000000001,1.0883,0.4902666666666667,0.2894333333333333,0.22453333333333333,0.42223333333333335,0.9167333333333333,1.1250333333333333,1.1106333333333334,3.1941333333333333,2.503633333333333,3.351933333333333,2.0232666666666668,0.6818666666666666,1
2008-06-20,0.306,0.20623333333333335,0.2943,0.252,0.23486666666666667,0.2598,1.5537666666666667,1.9973666666666667,1.6890666666666665,1.3692666666666669,1.4788666666666666,1.9971666666666665,0.9946,1.2740666666666667,0.23876666666666668,0.274,0.2800666666666667,0.2202,2.2401666666666666,3.731933333333333,2.3072333333333335,2.5753666666666666,1.1754333333333333,0.9845333333333334,1
2008-06-21,0.8009000000000001,0.7325,0.47396666666666665,0.21323333333333333,0.286,0.19463333333333335,0.7789333333333333,0.8023,1.3085333333333333,0.6214333333333334,0.3017333333333333,2.099266666666667,0.9988333333333334,1.6800666666666666,3.1586333333333334,2.2325333333333335,2.141433333333333,1.2422333333333335,1.5791333333333335,1.3642,1.3077666666666667,1.6304,2.1019,0.8536666666666667,2
2008-06-22,0.8405666666666666,0.4666,0.312,0.2539666666666667,0.26403333333333334,0.2763,0.6555,0.5546666666666666,0.21096666666666666,0.8299,1.8436,2.116,0.3857333333333334,1.8236666666666668,0.8297666666666667,0.8089666666666666,1.5752,2.5132,2.180266666666667,1.6851666666666667,1.8355333333333335,1.7226333333333335,1.6120666666666668,0.5106333333333334,2
2008-06-23,0.3106333333333334,0.29273333333333335,0.2878,0.24223333333333336,0.6821666666666667,0.6216,0.26753333333333335,1.3841,1.3971666666666667,1.245,0.7641666666666667,0.2701,0.4802666666666667,0.46186666666666665,1.7647333333333333,0.8518000000000001,0.37889999999999996,0.5643666666666667,0.3857333333333334,1.7968666666666666,1.4993,1.4735,2.3187333333333333,1.1219666666666666,1
2008-06-24,0.2817,0.29746666666666666,0.2601333333333333,0.25643333333333335,0.28813333333333335,0.498,1.7470333333333334,1.5423666666666667,1.5190666666666668,1.4632,1.5597666666666667,2.9868333333333337,1.4654,1.3896333333333333,3.0560666666666667,1.3858,0.843,0.46123333333333333,0.8426666666666667,1.701566666666667,1.6673,0.6895333333333333,2.0089333333333332,1.0296,0
2008-06-25,0.7427333333333334,0.3010333333333334,0.32,0.26,0.33163333333333334,0.2634666666666667,1.3950666666666665,1.6053333333333335,1.0425333333333333,0.3548,0.3375333333333333,1.2351666666666667,1.2075333333333333,0.9498333333333334,0.6474,1.3179666666666667,0.45070000000000005,0.5290666666666667,0.3949,1.2176,1.9321333333333333,1.9358666666666666,1.3158666666666667,0.9413333333333334,1
2008-06-26,0.31966666666666665,0.3191333333333333,0.2735333333333333,0.31953333333333334,0.2668666666666667,0.3040333333333333,1.5863,1.5288333333333335,1.3617,1.4276666666666666,1.1216666666666666,0.3192333333333333,0.42706666666666665,0.3933,1.3863666666666667,0.8299666666666667,0.28933333333333333,0.3027666666666667,0.28733333333333333,1.2648333333333333,0.6233666666666667,1.4417,0.9122333333333333,0.2939,1
2008-06-27,0.2779666666666667,0.29146666666666665,0.28726666666666667,0.28356666666666663,0.2860333333333333,0.27126666666666666,0.6523333333333333,1.7479333333333333,1.8253666666666668,1.0045666666666666,0.5563,1.2844333333333333,0.2613666666666667,0.47613333333333335,0.7013333333333333,1.4264666666666665,2.3363333333333336,1.0606666666666666,2.8650666666666664,2.3366,1.1304,2.5179,3.4821999999999997,1.8895666666666666,2
2008-06-28,0.4177666666666667,0.26306666666666667,0.3036333333333333,0.29616666666666663,0.3044,0.21383333333333335,0.6336333333333334,0.4668,1.4985333333333335,1.1801666666666668,1.363,1.6339333333333335,1.5395333333333334,1.6545999999999998,1.2217999999999998,1.5727333333333333,0.8331333333333333,0.44456666666666667,0.4735,0.4663333333333333,0.5413333333333333,0.6146666666666667,1.0269333333333333,1.1826,0
2008-06-29,1.0592666666666666,1.1042666666666667,0.5203666666666666,0.5510333333333333,0.2893,0.3016666666666667,0.29600000000000004,0.2720333333333333,0.25916666666666666,0.2997666666666667,0.3628666666666666,0.24866666666666667,1.5218333333333334,0.4890666666666667,0.8281,0.24193333333333333,0.2875333333333333,0.2899333333333333,0.294,0.31306666666666666,0.4497,0.45030000000000003,0.4548666666666667,1.3044666666666667,0
2008-06-30,0.7768333333333334,0.22356666666666666,0.30046666666666666,0.2704666666666667,0.31473333333333336,0.18643333333333334,0.31653333333333333,0.25103333333333333,0.24616666666666667,0.35596666666666665,1.4059333333333333,1.4830333333333334,1.5115,1.2667,0.46480000000000005,0.47,0.3861666666666667,0.48000000000000004,0.43106666666666665,0.4253666666666667,0.26406666666666667,0.25643333333333335,0.28049999999999997,1.0355,0
2008-07-01,0.35673333333333335,0.28876666666666667,0.22836666666666666,0.29036666666666666,0.28673333333333334,0.2834333333333333,0.23523333333333335,0.26276666666666665,0.3092666666666667,0.2546,0.46646666666666664,1.1037666666666666,0.4936,0.49410000000000004,0.7173999999999999,0.48523333333333335,0.7902666666666666,0.9899333333333333,0.6396333333333334,2.9667000000000003,2.540033333333333,1.7810666666666668,2.278,1.7115333333333334,2
2008-07-02,0.3672666666666667,0.33003333333333335,0.3314333333333333,0.29446666666666665,0.3328666666666667,0.29346666666666665,1.3541333333333334,1.0690333333333333,0.7921333333333334,0.8255,0.6638000000000001,0.6178666666666667,0.34769999999999995,1.3692,1.6228666666666667,1.0291333333333332,0.39876666666666666,0.3434333333333333,0.5336,1.2658666666666667,0.9828666666666667,1.4255333333333333,1.6951333333333334,0.8339333333333333,2
2008-07-03,0.28526666666666667,0.30343333333333333,0.26026666666666665,0.31120000000000003,0.2518333333333333,0.29386666666666666,1.5607,1.4798,0.9560333333333334,0.31366666666666665,0.3219666666666667,0.29319999999999996,0.21826666666666666,1.0017666666666667,0.32133333333333336,0.2781333333333333,0.31983333333333336,0.30993333333333334,0.3021333333333333,0.9769666666666666,0.8047333333333333,3.6561333333333335,2.4746333333333337,1.0109000000000001,1
2008-07-04,0.35206666666666664,0.29653333333333337,0.3046666666666667,0.2700666666666667,0.2840666666666667,0.3101333333333333,1.1509666666666667,1.5027000000000001,1.1730333333333334,0.4860666666666667,0.4036,0.23613333333333333,1.0446333333333333,0.3031666666666667,0.25376666666666664,0.2566,0.30383333333333334,1.1542666666666668,1.3658666666666666,1.2110666666666667,0.6562666666666667,0.6543,0.7173,1.0092333333333334,1
2008-07-05,0.45316666666666666,0.47863333333333336,0.3822,0.2609,0.30229999999999996,0.2524,0.2936333333333333,0.38383333333333336,0.8409,0.6589333333333334,0.3827,0.6927333333333333,1.5478999999999998,2.1461333333333332,2.2382666666666666,2.8815,1.4825333333333333,1.7248666666666668,1.1861666666666666,1.433,0.6997333333333333,1.0388666666666666,1.8052,0.9183,2
2008-07-06,0.6433666666666666,0.7373999999999999,0.6412666666666667,0.7453,0.6940333333333333,0.4311,0.863,0.22353333333333333,0.4768,0.6905666666666667,1.0791,1.7227666666666666,1.7792666666666668,1.6078666666666666,2.161166666666667,1.5168,1.6891333333333334,1.8260333333333334,1.4694,2.0771333333333333,1.3774666666666666,1.1347333333333334,3.3371333333333335,1.1600333333333335,2
2008-07-07,0.36666666666666664,0.2816666666666666,0.3228,0.20256666666666667,0.33116666666666666,0.27576666666666666,0.4407,1.3125333333333333,1.3578666666666666,1.3373,0.9303,0.2744,0.27593333333333336,0.30246666666666666,0.3487666666666666,0.6630666666666667,0.9050999999999999,0.2882,0.2381,0.9622666666666666,1.3969,2.3021000000000003,0.5792,0.6940000000000001,1
2008-07-08,0.3032333333333333,0.21543333333333334,0.28646666666666665,0.26233333333333336,0.8674666666666667,0.25096666666666667,0.8764333333333333,1.5637666666666667,1.1419,1.0364666666666666,0.47246666666666665,0.7179,0.6872,0.7353000000000001,0.2264,0.3567666666666666,0.3350666666666667,0.9486333333333333,0.5067,0.5832333333333334,0.6655333333333334,2.0598666666666667,2.478733333333333,1.1919666666666666,1
2008-07-09,0.30256666666666665,0.20153333333333331,0.29286666666666666,0.22433333333333333,0.2617333333333333,0.2901666666666667,0.9580333333333333,1.7117,1.3497999999999999,0.8031,0.4156666666666667,0.4182666666666667,0.233,1.0172,0.2719333333333333,0.24166666666666667,0.25293333333333334,0.25433333333333336,0.3247,0.8137000000000001,1.6118,1.1587333333333334,1.0628,0.8493999999999999,1
2008-07-10,0.26113333333333333,0.22653333333333334,0.27423333333333333,0.2703,0.5668000000000001,0.5219,0.9248,1.4535666666666667,1.9555333333333331,1.9060666666666668,0.6946666666666667,0.19863333333333333,0.336,0.5896333333333333,0.4886666666666667,0.26636666666666664,1.1080666666666665,0.9748,1.0354,2.0712333333333333,1.0769666666666666,1.4072666666666664,1.3480333333333334,0.898,1
2008-07-11,0.3159666666666667,0.3202666666666667,0.30233333333333334,0.27853333333333335,0.2862666666666666,0.2813666666666667,1.3211333333333333,1.9070333333333334,2.0554,0.7446666666666667,1.2606666666666666,0.6307333333333334,1.0910333333333333,1.4593,0.7957,0.31603333333333333,0.2796,0.30856666666666666,1.3608,0.8341666666666666,0.6725,0.5553666666666667,1.6343333333333334,1.8918333333333335,0
2008-07-12,1.3576000000000001,0.7781666666666667,0.25756666666666667,0.2823,0.29286666666666666,0.2719,1.1442,1.2870333333333335,0.2411,0.5099,0.9445666666666667,0.7568333333333332,0.4730666666666667,2.8162333333333334,1.3304,3.9929333333333332,0.9939,0.6519333333333334,0.3252666666666667,0.3307,0.8146,0.2604,1.5711666666666666,0.46290000000000003,0
2008-07-13,0.34173333333333333,0.23406666666666667,0.3092,0.28583333333333333,0.2969333333333333,0.29386666666666666,0.8336,1.4179333333333333,0.4657666666666667,1.9763,0.9107666666666667,0.9483333333333334,2.7282333333333333,1.9566666666666668,0.527,0.8116333333333333,0.40859999999999996,0.42773333333333335,0.5751000000000001,0.5514333333333333,1.2716206896551725,0.42723333333333335,1.2962666666666667,1.6424333333333332,0
2008-07-14,0.8669,0.26999999999999996,0.23903333333333335,0.2658333333333333,0.2956333333333333,0.20586666666666667,0.3030666666666667,1.5720999999999998,1.4176666666666666,1.3033333333333335,0.45883333333333337,0.30996666666666667,0.24863333333333332,0.31976666666666664,0.43543333333333334,1.2894,0.47286666666666666,0.42896666666666666,2.2762333333333333,2.2935999999999996,1.7546333333333335,0.8963666666666666,0.7068,0.3345,2
2008-07-15,0.3417,0.2740666666666666,0.3196,0.34746666666666665,0.7769666666666667,0.7105666666666667,1.5776333333333334,0.8551,1.6409333333333334,1.3653666666666666,0.5105666666666667,0.25316666666666665,1.2602666666666666,0.7932,0.3419,1.8741999999999999,1.5542,0.4121666666666667,0.41823333333333335,0.3685333333333333,0.41353333333333336,0.9684666666666666,0.9563333333333334,0.9301666666666667,0
2008-07-16,0.43676666666666664,0.8889,0.2648,0.3177333333333333,0.2783,0.30383333333333334,0.28450000000000003,0.5615666666666667,1.3149666666666666,0.48436666666666667,0.3049,0.3604,0.5282333333333333,0.7824000000000001,0.8000666666666666,0.34586666666666666,0.4187666666666667,0.8430333333333333,0.7148,0.8285,1.5802666666666667,3.8391666666666664,0.8481666666666666,0.6207333333333334,1
2008-07-17,0.5618,0.27799999999999997,0.3437,0.2924,0.32103333333333334,0.6305666666666667,0.8947999999999999,1.2031,1.2660666666666667,1.2101666666666666,0.3561666666666667,0.4169,0.8954333333333333,0.5909666666666666,1.3275666666666666,1.6858333333333335,0.5875666666666667,0.48083333333333333,1.4510666666666665,1.6794,1.3287333333333333,1.4052,1.529,1.2490666666666668,2
2008-07-18,0.8287666666666667,0.3769666666666666,0.2955,0.31949999999999995,0.8986,0.3087,1.4617666666666667,1.4469333333333334,1.3733333333333335,0.8229000000000001,0.6005,0.6286,0.47476666666666667,0.6180333333333333,0.8224,0.6425,0.6859999999999999,1.2293999999999998,0.6026333333333334,0.5950333333333333,1.7823333333333333,2.0694,1.7447333333333332,0.3971,1
2008-07-19,0.25989999999999996,0.3012666666666667,0.26083333333333336,0.3037,0.29836666666666667,0.7693333333333334,0.25756666666666667,0.5701,0.34803333333333336,0.5817,1.9271333333333334,2.6749666666666667,1.4656333333333333,1.3917333333333335,2.6223666666666667,1.3871666666666667,1.3239333333333334,1.1311333333333333,0.336,0.5443333333333332,0.6109333333333333,0.5829666666666667,1.0625333333333333,1.3886,0
2008-07-20,2.1075666666666666,0.5976,0.28650000000000003,0.2779,0.34613333333333335,0.27453333333333335,0.22303333333333333,0.2910333333333333,1.3268666666666666,0.3409333333333333,0.4719333333333333,0.6671333333333334,1.5144,1.0349666666666666,1.4739333333333335,0.4922333333333333,0.2983,0.24583333333333332,0.25953333333333334,0.34486666666666665,0.5936666666666667,1.2849,0.6244,0.31403333333333333,0
2008-07-21,0.22593333333333335,0.27299999999999996,0.308,0.23996666666666666,0.24433333333333335,0.3062333333333333,0.6011666666666666,1.1610333333333334,1.3566333333333334,1.3327333333333333,0.6694,0.47636666666666666,0.5526666666666668,0.9244333333333333,1.5375,1.4577333333333333,0.6702999999999999,0.3363333333333333,0.2838,1.4813666666666667,1.1494666666666666,2.2222,1.1799333333333335,0.28409999999999996,1
2008-07-22,0.28063333333333335,0.27283333333333337,0.242,0.26483333333333337,0.2744,0.27823333333333333,0.9680666666666667,0.7817333333333334,1.2404666666666666,0.2906,0.2928,0.48460000000000003,0.6791333333333333,0.4845333333333333,0.5405333333333334,0.4289,0.2921333333333333,0.7933333333333333,0.29796666666666666,0.3838,0.7373,1.0013,0.5878666666666666,0.4393666666666667,1
2008-07-23,0.3141666666666667,0.25256666666666666,0.29786666666666667,0.2974,0.26023333333333337,0.9217333333333334,0.2526,1.4542666666666666,1.3945,1.3613666666666666,0.5165666666666666,0.5883666666666667,0.5888333333333333,0.5559333333333334,0.46316666666666667,0.29283333333333333,0.4589,0.33313333333333334,0.4698333333333334,0.9767333333333333,1.1725999999999999,1.0170333333333332,1.0260666666666667,0.44380000000000003,1
2008-07-24,0.9104666666666666,0.604,0.3973333333333333,0.4170666666666667,0.40086666666666665,0.4347666666666667,0.8771333333333333,1.6422333333333334,1.4760666666666666,1.4213666666666667,0.7596666666666666,0.41023333333333334,0.4139,0.3385666666666667,0.4408333333333333,0.3924333333333333,0.41663333333333336,0.4583333333333333,0.4387666666666667,1.3678,0.6232000000000001,2.8657,0.4097,0.3071,1
2008-07-25,0.32353333333333334,0.2892,0.30820000000000003,0.2872333333333333,0.31976666666666664,0.3338,1.1952666666666665,0.9832333333333333,1.4223666666666666,0.9495,0.29900000000000004,0.30700000000000005,0.27786666666666665,0.3003666666666667,0.3185,0.26403333333333334,0.32106666666666667,0.2909333333333333,1.0098333333333334,0.2967333333333333,0.7602,1.6741666666666668,1.1476666666666666,0.7461,1
2008-07-26,0.32403333333333334,0.28253333333333336,0.2871666666666667,0.3171666666666667,0.2891333333333333,0.28713333333333335,0.34463333333333335,1.2586666666666666,0.3849,0.8826666666666667,1.3104666666666667,0.5572666666666667,0.2812,0.4428,0.41650000000000004,0.8099666666666666,1.5498,1.3878666666666668,0.5601666666666667,0.3970333333333333,0.2940333333333333,0.32693333333333335,0.2750333333333333,0.32763333333333333,0
2008-07-27,0.45370000000000005,0.29013333333333335,0.5991,0.6011333333333333,0.3124333333333333,0.2611,0.30873333333333336,0.2897666666666667,0.4954,0.9120333333333334,0.7914,0.35083333333333333,0.38666666666666666,0.9059333333333334,1.8418333333333334,1.2206666666666666,0.7752333333333333,1.0826666666666669,1.0226,1.667,1.6274000000000002,1.6312333333333333,0.8824666666666666,0.4138,2
2008-07-28,0.33646666666666664,0.3112666666666667,0.30563333333333337,0.3077666666666667,0.33426666666666666,0.997,1.4597333333333333,1.7694666666666667,0.6479333333333333,0.30086666666666667,0.31306666666666666,0.33243333333333336,0.2731,0.33366666666666667,0.36626666666666663,0.5273333333333333,0.5466,1.1169,0.5918666666666667,0.5469,0.5154666666666666,0.5152,0.5114,0.5028,0
2008-07-29,0.5891,0.5219666666666667,0.7542000000000001,0.9891666666666666,0.5221333333333333,0.5086666666666667,0.4876333333333333,0.6975333333333332,1.9135,1.3898000000000001,0.9242666666666667,0.5338666666666667,0.4940666666666667,0.5023333333333333,0.5056666666666667,0.6228,0.5764333333333334,0.5460333333333334,1.0185333333333333,1.5962,0.8339666666666666,1.4907666666666666,0.6355666666666667,0.7884333333333333,1
2008-07-30,0.8896999999999999,0.48586666666666667,0.5252,0.46473333333333333,0.5019666666666667,0.49276666666666663,0.6646666666666667,1.5683333333333331,1.5975666666666666,0.7871,0.4200333333333333,0.5183666666666666,0.4846333333333333,0.5002333333333333,0.4901666666666667,0.48846666666666666,0.5265333333333333,0.45743333333333336,1.3301333333333332,1.6285,1.9799666666666667,2.2519333333333336,1.9754333333333334,0.6354000000000001,1
2008-07-31,0.3689666666666667,0.4192666666666666,0.3478,0.33383333333333337,0.319,0.33063333333333333,0.9704333333333334,1.4928666666666668,1.1704333333333332,0.7451000000000001,1.3016333333333334,1.0497333333333334,0.7338666666666666,1.2571,0.34106666666666663,0.28646666666666665,0.3465666666666667,0.3364333333333333,0.5387000000000001,1.5123333333333333,2.4221333333333335,1.6618333333333335,3.0313666666666665,1.8930666666666667,1
2008-08-01,0.46033333333333337,0.4059666666666667,0.3907333333333333,0.36143333333333333,0.4012,0.33613333333333334,0.6567666666666666,1.6942,0.8611666666666667,1.1580666666666666,1.1604666666666668,0.32216666666666666,0.3069,0.33690000000000003,0.1970333333333333,0.33830000000000005,0.3003,0.30906666666666666,0.2969,0.30596666666666666,0.49000000000000005,0.6163333333333333,0.30383333333333334,0.3161,0
2008-08-02,0.2920333333333333,0.2882,0.3062333333333333,0.3017333333333333,0.2642,0.25506666666666666,0.30033333333333334,0.31460000000000005,0.6282666666666666,0.7482666666666666,0.24623333333333336,0.27386666666666665,0.3034,0.30086666666666667,0.29786666666666667,0.21953333333333333,0.2862666666666666,0.3158,0.28036666666666665,0.2798,0.9386666666666666,0.41226666666666667,0.2923,0.2834333333333333,0
2008-08-03,0.2331,0.2882,0.26103333333333334,0.3198,0.27786666666666665,0.2124,0.3034,0.27593333333333336,1.0046666666666666,0.4674333333333333,0.252,0.2839,0.26103333333333334,0.3152,0.21333333333333335,0.27573333333333333,0.28876666666666667,0.28846666666666665,0.29683333333333334,0.20103333333333331,0.8115666666666667,0.7104666666666667,0.26539999999999997,0.30546666666666666,1
2008-08-04,0.22586666666666666,0.2751,0.28490000000000004,0.29116666666666663,0.2881,0.2583666666666667,0.23333333333333334,0.31643333333333334,0.5210333333333333,0.9617666666666668,0.23320000000000002,0.2662333333333333,0.28496666666666665,0.27736666666666665,0.3045,0.2006,0.3663,1.0728813559322035,2.1712,2.5660666666666665,1.5968000000000002,2.3083666666666667,1.7391333333333334,1.7395333333333334,2
2008-08-05,1.1325333333333334,0.3706,0.3187333333333333,0.2994,0.31146666666666667,0.279,0.29146666666666665,1.4778666666666667,1.9247333333333332,1.9046666666666667,1.3082333333333334,1.326,0.2853,0.2859,0.3299,0.16603333333333334,0.22193333333333332,0.23603333333333334,0.22803333333333334,0.24230000000000002,0.21363333333333331,0.24003333333333335,0.1843,0.2072,0
2008-08-06,0.22816666666666666,0.2568666666666667,0.22056666666666666,0.20500000000000002,0.24603333333333335,0.2431,0.18943333333333331,0.18986666666666666,0.24663333333333334,0.23036666666666666,0.21403333333333335,0.23170000000000002,0.23336666666666664,0.2059666666666667,0.19506666666666667,0.23983333333333334,0.2185666666666667,0.24636666666666668,0.2517333333333333,0.23993333333333336,0.22013333333333335,0.24653333333333333,0.21366666666666667,0.22226666666666667,0
2008-08-07,0.22766666666666666,0.2582666666666667,0.2417,0.24226666666666666,0.23623333333333332,0.2514,0.21773333333333333,0.26086666666666664,0.24073333333333335,0.2341,0.21993333333333334,0.2664666666666667,0.17826666666666666,0.21813333333333332,0.22656666666666667,0.25589999999999996,0.23376666666666665,0.23626666666666668,0.2306,0.18863333333333332,0.21903333333333333,0.2523666666666667,0.22716666666666668,0.21733333333333332,0
2008-08-08,0.2357,0.24273333333333333,0.17423333333333335,0.19556666666666667,0.24886666666666668,0.24273333333333333,0.1821,0.1907333333333333,0.24116666666666667,0.23553333333333332,0.17756666666666668,0.19006666666666666,0.23073333333333332,0.21023333333333333,0.2159,0.16773333333333335,0.22476666666666667,0.2249,0.2245,0.15346666666666667,0.2302,0.22756666666666667,0.1995333333333333,0.17013333333333333,0
2008-08-09,0.23436666666666667,0.22703333333333334,0.1369,0.22626666666666667,0.235,0.19633333333333333,0.157,0.23043333333333335,0.218,0.1427,0.2213,0.233,0.14579999999999999,0.20006666666666667,0.27673333333333333,1.2445666666666668,0.16610000000000003,0.24076666666666666,0.2134333333333333,0.20900000000000002,0.17323333333333332,0.21293333333333334,0.22696666666666668,0.21413333333333334,0
2008-08-10,0.21943333333333334,0.15496666666666667,0.2331,0.22596666666666668,0.18246666666666667,0.19,0.2236,0.1974,0.21923333333333334,0.217,0.16643333333333335,0.21200000000000002,0.22403333333333333,0.1465,0.22069999999999998,0.2313,0.20753333333333332,0.14756666666666665,0.30050000000000004,0.4147,0.36773333333333336,0.35256666666666664,0.41846666666666665,0.394,2
2008-08-11,0.40353333333333335,0.34723333333333334,0.3972,0.4147666666666667,0.4152666666666667,0.32853333333333334,0.3985666666666667,0.29,0.20376666666666668,0.15136666666666668,0.21046666666666666,0.2279,0.1762,0.18353333333333335,0.2077,0.21386666666666668,0.17643333333333333,0.2137666666666667,0.19276666666666667,0.23666666666666666,0.18673333333333333,0.17843333333333333,0.22033333333333335,0.22356666666666666,0
2008-08-12,0.15839999999999999,0.21656666666666666,0.21413333333333334,0.20359999999999998,0.17643333333333333,0.22163333333333332,0.1955,0.21446666666666667,0.17443333333333333,0.2248666666666667,0.19093333333333332,0.2134,0.17099999999999999,0.2032,0.2326,0.1562,0.19603333333333334,0.23056666666666667,0.21756666666666666,0.1524,0.24486666666666668,0.22873333333333334,0.14563333333333334,0.23323333333333332,0
2008-08-13,0.21446666666666667,0.19066666666666665,0.18550000000000003,0.2226,0.1947333333333333,0.1502,0.23406666666666667,0.22256666666666666,0.15066666666666667,0.21916666666666668,0.19946666666666665,0.16983333333333334,0.21703333333333333,0.1524,0.2018,0.2314,0.16699999999999998,0.18630000000000002,0.22156666666666666,0.1753,0.2223,0.17063333333333333,0.2055,0.20456666666666665,0
2008-08-14,0.17673333333333333,0.21939999999999998,0.1880666666666667,0.16483333333333333,0.2377,0.13046666666666668,0.21386666666666668,0.22883333333333333,0.14456666666666665,0.22526666666666667,0.1513,0.1868,0.1786,0.21159999999999998,0.1832,0.1526,0.22766666666666666,0.18939999999999999,0.17086666666666667,0.20823333333333333,0.1895666666666667,0.183,0.20923333333333333,0.1325,0
2008-08-15,0.22183333333333335,0.22276666666666667,0.14109999999999998,0.20826666666666668,0.21583333333333332,0.15686666666666668,0.21233333333333335,0.16440000000000002,0.18283333333333335,0.17726666666666666,0.22246666666666667,0.1744,0.16193333333333332,0.22513333333333332,0.14733333333333334,0.211,0.15313333333333334,0.1932,0.24339999999999998,0.16303333333333334,0.18816666666666665,0.15803333333333333,0.23123333333333335,0.18493333333333334,0
2008-08-16,0.16263333333333335,0.2153,0.2012,0.1739,0.2022,0.18993333333333332,0.17700000000000002,0.2185,0.21196666666666666,0.14866666666666667,0.22379999999999997,0.15533333333333335,0.1993,0.21326666666666666,0.1368,0.227,0.21793333333333334,0.1275,0.2164,0.23423333333333335,0.14986666666666668,0.21586666666666668,0.20793333333333336,0.1537,0
2008-08-17,0.22416666666666665,0.22053333333333333,0.1315,0.22453333333333333,0.23313333333333333,0.13390000000000002,0.21873333333333334,0.15546666666666667,0.20476666666666665,0.22896666666666665,0.15433333333333332,0.18463333333333332,0.1645,0.23353333333333334,0.18786666666666668,0.15803333333333333,0.21956666666666666,0.1429,0.22763333333333333,0.21336666666666665,0.13096666666666665,0.2314,0.21733333333333332,0.13816666666666666,0
2008-08-18,0.21526666666666666,0.16616666666666668,0.20426666666666668,0.21413333333333334,0.16663333333333336,0.18133333333333335,0.2263,0.18080000000000002,0.17583333333333334,0.16326666666666664,0.21766666666666667,0.1487,0.22073333333333334,0.2038666666666667,0.13566666666666669,0.22169999999999998,0.1816,0.1829,0.22066666666666668,0.17246666666666668,0.19453333333333334,0.2228,0.1653666666666667,0.17996666666666666,0
2008-08-19,0.23620000000000002,0.17136666666666667,0.18686666666666665,0.164,0.21273333333333333,0.2051,0.16069999999999998,0.22033333333333335,0.18153333333333332,0.17556666666666668,0.2288,0.17356666666666667,0.16303333333333334,0.2162,0.14836666666666665,0.22293333333333332,0.20590000000000003,0.13833333333333334,0.22436666666666666,0.23606666666666667,0.1359,0.20703333333333335,0.16970000000000002,0.1936,0
2008-08-20,0.22646666666666668,0.1638,0.17830000000000001,0.22606666666666667,0.17156666666666667,0.1884,0.1603,0.2125,0.1656,0.2022,0.2084,0.13683333333333333,0.21736666666666665,0.17516666666666666,0.17386666666666667,0.21186666666666668,0.16096666666666665,0.19206666666666666,0.17856666666666668,0.20149999999999998,0.13843333333333332,0.22633333333333333,0.21316666666666667,0.1448,0
2008-08-21,0.20336666666666667,0.15333333333333332,0.21533333333333332,0.15886666666666666,0.20149999999999998,0.14086666666666667,0.21496666666666667,0.1831,0.16856666666666667,0.21006666666666668,0.15016666666666667,0.2036666666666667,0.16826666666666668,0.18493333333333334,0.15053333333333332,0.2279,0.1474,0.20350000000000001,0.1548,0.18906666666666666,0.22363333333333332,0.16203333333333333,0.18763333333333332,0.1514666666666667,0
2008-08-22,0.22886666666666666,0.19656666666666667,0.15763333333333335,0.21486666666666665,0.12753333333333333,0.22766666666666666,0.21793333333333334,0.13163333333333332,0.21173333333333336,0.16363333333333333,0.2036666666666667,0.16183333333333333,0.20193333333333333,0.18146666666666667,0.1692,0.2185666666666667,0.1268,0.20716666666666667,0.2125,0.1643,0.22193333333333334,0.14363333333333334,0.185,0.17600000000000002,0
2008-08-23,0.20983333333333334,0.1441,0.19556666666666667,0.15166666666666667,0.20383333333333334,0.16713333333333333,0.1866,0.14043333333333333,0.21236666666666668,0.14856666666666665,0.19803333333333334,0.15643333333333334,0.1719,0.17306666666666667,0.20953333333333332,0.13296666666666665,0.19423333333333334,0.16679999999999998,0.18893333333333334,0.16933333333333334,0.21173333333333336,0.12400000000000001,0.21516666666666667,0.1718,0
2008-08-24,0.17696666666666666,0.1609,0.1836,0.20836666666666667,0.17043333333333335,0.18273333333333333,0.15383333333333335,0.2126,0.1578,0.15043333333333334,0.20723333333333335,0.1266,0.214,0.17976666666666666,0.17183333333333334,0.15906666666666666,0.19776666666666667,0.14866666666666667,0.20656666666666668,0.17700000000000002,0.179,0.15896666666666667,0.17666666666666667,0.18446666666666667,0
2008-08-25,0.16316666666666665,0.18786666666666668,0.15803333333333333,0.21200000000000002,0.13886666666666667,0.20023333333333332,0.15223333333333333,0.1654,0.2066,0.1595,0.16943333333333335,0.16820000000000002,0.21436666666666668,0.13706666666666667,0.1546,0.1991,0.14930000000000002,0.2148,0.1508,0.18946666666666667,0.15773333333333334,0.16126666666666667,0.2,0.1616,0
2008-08-26,0.1869,0.1473,0.21553333333333333,0.15043333333333334,0.19543333333333332,0.15013333333333334,0.1978,0.1764,0.2149,0.12923333333333334,0.15330000000000002,0.22233333333333333,0.13806666666666667,0.21393333333333334,0.15203333333333333,0.18756666666666666,0.17813333333333334,0.21043333333333333,0.13419999999999999,0.19583333333333333,0.18046666666666666,0.19366666666666665,0.16219999999999998,0.20650000000000002,0
2008-08-27,0.12760000000000002,0.22390000000000002,0.21453333333333333,0.13506666666666664,0.2096333333333333,0.1375,0.2087,0.18716666666666668,0.16886666666666666,0.1679,0.1560666666666667,0.19173333333333334,0.1701666666666667,0.19993333333333335,0.13413333333333333,0.21046666666666666,0.17326666666666668,0.19226666666666667,0.1588,0.2153,0.1911,0.1696,0.22546666666666668,0.13273333333333334,0
2008-08-28,0.2064,0.22303333333333333,0.13993333333333333,0.21910000000000002,0.16323333333333334,0.17203333333333332,0.1686,0.23423333333333335,0.147,0.20513333333333333,0.20006666666666667,0.14626666666666666,0.22903333333333334,0.15383333333333335,0.1955,0.15913333333333332,0.19633333333333333,0.18023333333333333,0.1941,0.2147,0.1461,0.211,0.1618,0.20396666666666666,0
2008-08-29,0.16223333333333334,0.18536666666666665,0.20136666666666667,0.18043333333333333,0.1963,0.15463333333333334,0.218,0.1358,0.22496666666666665,0.17479999999999998,0.17236666666666667,0.15996666666666667,0.21316666666666664,0.14266666666666666,0.22286666666666666,0.15273333333333333,0.18516666666666665,0.16606666666666667,0.223,0.15233333333333335,0.21323333333333333,0.21760000000000002,0.1873,0.2174333333333333,0
2008-08-30,0.17406666666666668,0.19273333333333334,0.155,0.20683333333333334,0.14686666666666665,0.2234,0.2069,0.13949999999999999,0.21553333333333333,0.15726666666666667,0.214,0.17656666666666665,0.18093333333333333,0.15960000000000002,0.2139,0.14026666666666668,0.23006666666666667,0.1679,0.1821333333333333,0.2319,0.18230000000000002,0.20579999999999998,0.2099,0.1937,0
2008-08-31,0.19113333333333332,0.16333333333333336,0.2306,0.20579999999999998,0.1844,0.221,0.18793333333333334,0.16863333333333333,0.21126666666666666,0.15406666666666666,0.22863333333333333,0.2133,0.14363333333333334,0.2087,1.6119333333333332,2.4018666666666664,2.1426000000000003,2.8879666666666663,2.572169491525424,2.6431,1.6380333333333332,3.178733333333333,1.8064666666666667,1.4578,2
2008-09-01,0.8930666666666666,0.3023666666666667,0.3482333333333333,0.3078666666666667,0.22676666666666667,0.2732,0.29883333333333334,1.8506666666666665,1.8690666666666667,1.351,1.9789333333333334,1.6985,1.5840333333333334,1.2027999999999999,0.4388666666666667,0.47050000000000003,0.4177,0.4373666666666667,0.24863333333333332,0.2811,0.2781333333333333,0.9951666666666666,2.0432,0.9958333333333333,0
2008-09-02,0.35553333333333337,0.2772,0.33266666666666667,0.3014,0.2749666666666667,0.2868,0.2970333333333333,1.1464666666666665,1.0176,0.27840000000000004,1.1412333333333333,1.7313,1.4822,1.1633666666666664,0.8907,0.31506666666666666,0.32333333333333336,1.6957333333333333,0.6754666666666667,2.4147666666666665,1.8329666666666666,2.0965333333333334,2.0563333333333333,0.6821666666666667,2
2008-09-03,0.3116333333333333,0.31039999999999995,0.2651,0.28546666666666665,0.27420000000000005,0.9222,0.26959999999999995,1.8464,1.4542666666666666,1.4581333333333333,1.0959666666666665,1.6952,0.8381333333333334,1.6602999999999999,1.5569333333333333,1.5075666666666665,0.37293333333333334,0.2522,0.3512,0.7764333333333333,2.9144333333333337,1.8082,0.6034,0.3111333333333333,1
2008-09-04,0.2643666666666667,0.7377,0.3640666666666667,0.2922666666666667,0.26103333333333334,0.24813333333333334,0.2668,0.7752666666666667,1.3856,1.3096999999999999,1.1338000000000001,1.2304,1.2797666666666667,1.4050333333333331,0.7648666666666667,0.4405333333333334,0.40186666666666665,0.22993333333333332,0.2634333333333333,1.4518666666666666,1.5702,2.8183,1.1868333333333332,0.3385666666666667,1
2008-09-05,0.27093333333333336,0.2687333333333333,0.1986,0.28476666666666667,0.2851666666666667,0.2063,1.1299666666666668,2.4724333333333335,1.3082,1.3401,0.7797999999999999,0.23926666666666666,0.21776666666666664,0.24173333333333333,0.27880000000000005,0.23709999999999998,0.23603333333333332,0.2591333333333333,0.22863333333333333,1.4015333333333333,1.2952000000000001,0.7188666666666667,0.37656666666666666,0.29036666666666666,1
2008-09-06,0.265,0.21186666666666668,0.27676666666666666,0.706,0.5025333333333334,0.2641,0.32853333333333334,2.1203666666666665,1.7373,1.2191666666666667,2.582266666666667,2.5646,0.3723,1.6587333333333334,1.3926,2.219333333333333,1.9649666666666665,0.5992,1.3012000000000001,2.5352333333333332,1.8154333333333335,1.4529666666666665,1.4719666666666666,1.5804666666666667,2
2008-09-07,0.4956,0.3476666666666667,0.3059,0.29969999999999997,0.2891333333333333,0.26466666666666666,0.28776666666666667,0.2840666666666667,0.5449333333333333,1.1452666666666667,0.46603333333333335,0.36783333333333335,1.4976333333333334,1.4237333333333333,1.0262333333333333,1.7498666666666667,3.0475,0.5565666666666667,0.5374666666666666,1.4087666666666665,2.3801666666666668,2.4530666666666665,1.3853333333333333,0.31270000000000003,2
2008-09-08,0.31103333333333333,0.2982666666666667,0.25743333333333335,0.2908666666666667,0.28156666666666663,0.27176666666666666,1.8398333333333334,1.8353,1.3484666666666667,1.2951000000000001,1.3153333333333335,1.3125333333333333,0.9296000000000001,0.27759999999999996,0.2685666666666667,0.26863333333333334,0.2568666666666667,0.2861333333333333,0.28956666666666664,0.37116666666666664,2.4365333333333337,3.0553000000000003,2.0529333333333333,0.6716666666666666,1
2008-09-09,0.9536333333333332,0.5699000000000001,0.2673333333333333,0.28986666666666666,0.25153333333333333,0.2853,0.6409,2.3126666666666664,1.3230333333333335,2.0601,1.1969666666666667,0.7141666666666667,1.1235666666666666,1.2729,0.37546666666666667,0.32126666666666664,0.28946666666666665,0.34413333333333335,0.29456666666666664,0.8130333333333334,0.9425000000000001,1.5913666666666666,0.7345333333333334,0.35936666666666667,1
2008-09-10,0.36483333333333334,0.26613333333333333,0.2609333333333333,0.2816,0.2753333333333333,0.2615,0.5988,2.3114666666666666,2.024766666666667,1.8791333333333333,1.7242,1.5514000000000001,1.6319000000000001,1.0633000000000001,0.487,0.2866666666666667,0.27463333333333334,0.30883333333333335,0.3184666666666667,0.4048333333333333,0.8129333333333333,2.217966666666667,1.7658999999999998,0.3068666666666667,1
2008-09-11,0.29013333333333335,0.2731,0.2612333333333333,0.2875333333333333,0.28359999999999996,0.27886666666666665,0.6822,1.8146,1.4208333333333334,1.2413333333333334,1.4188333333333332,0.5162,0.2967666666666667,0.7635666666666666,1.0291666666666666,0.7938666666666666,0.26736666666666664,0.2843666666666667,0.3095666666666667,0.7558333333333334,1.7766333333333333,1.3316666666666668,0.4964,0.2715666666666667,1
2008-09-12,0.4493,0.6873,0.30106666666666665,0.2613333333333333,0.2792,0.2803333333333333,0.8356333333333333,2.0230333333333332,1.7451333333333332,2.1395666666666666,1.4755,0.8394666666666667,0.5445,0.25076666666666664,0.28426666666666667,0.2986666666666667,0.26826666666666665,0.4938,0.9063666666666667,1.9790333333333334,2.1424666666666665,2.0972666666666666,1.6522333333333334,0.9782,1
2008-09-13,0.45603333333333335,0.3123333333333333,0.30360000000000004,0.25073333333333336,0.2618333333333333,0.2741,1.2229333333333334,1.7851666666666666,1.7861666666666667,1.4492666666666667,2.7049000000000003,1.3032333333333335,0.44493333333333335,0.3369666666666667,1.3903666666666665,2.9795666666666665,2.6606,1.6931666666666667,0.34726666666666667,1.6739333333333333,1.6575666666666666,0.7046,0.5045,0.6868333333333333,0
2008-09-14,0.44793333333333335,0.5387666666666667,0.3483,0.2774,0.3263333333333333,0.9601333333333334,0.30826666666666663,0.26663333333333333,0.5041333333333333,0.3984333333333333,0.5288,2.2990666666666666,3.5745999999999998,2.0565333333333333,1.7707000000000002,1.3358333333333334,0.7182999999999999,0.5921666666666667,0.8544666666666667,1.2776666666666665,3.302833333333333,1.826,1.1411333333333333,0.6176666666666667,2
2008-09-15,0.49283333333333335,0.5013666666666666,0.5114,0.40226666666666666,1.0105,0.48306666666666664,1.2784333333333333,1.9851666666666667,1.6653666666666667,1.5123666666666666,1.5674,0.8210333333333334,0.6176666666666667,0.8004333333333334,0.6867,0.6353000000000001,0.6038,1.4236333333333335,1.5522666666666667,2.671,2.277533333333333,2.5894666666666666,1.3175333333333334,0.8886000000000001,1
2008-09-16,0.3522,0.263,0.28636666666666666,0.3109,0.2609,0.27706666666666663,1.5349333333333335,1.9632666666666665,1.4165333333333334,1.4106333333333334,0.6770999999999999,0.9106333333333333,1.0878333333333332,1.2955333333333334,0.423,0.43696666666666667,0.5755,0.4341666666666667,0.4608666666666667,1.1585,1.5666333333333333,1.4894333333333334,1.5320666666666667,0.24033333333333334,1
2008-09-17,0.27626666666666666,0.29560000000000003,0.21836666666666668,0.26866666666666666,0.567,0.5728333333333333,0.4667,2.1492333333333336,1.4354666666666667,1.3546666666666667,2.9383333333333335,1.5023666666666666,1.2015666666666667,0.4872333333333333,0.5367666666666667,0.2701333333333334,1.6657666666666666,1.3292666666666666,0.3254666666666666,0.5313666666666667,2.3040000000000003,2.4936333333333334,1.6884666666666668,0.441,1
2008-09-18,0.30716666666666664,0.22226666666666667,0.2933,0.23536666666666667,0.2699666666666667,0.27666666666666667,1.7560666666666667,2.515633333333333,1.8203333333333334,1.6813333333333333,0.2704666666666667,0.23376666666666665,0.5027666666666667,0.4704,1.0767333333333333,0.9383666666666667,0.3198666666666667,0.619,0.7665333333333333,1.716,3.1279,2.5396,1.2313333333333332,1.8973333333333333,1
2008-09-19,0.8752666666666666,0.7206333333333333,0.2747333333333334,0.2920666666666667,0.2253,0.27913333333333334,1.0284,2.0174666666666665,1.4293666666666667,1.4236333333333333,1.5650666666666666,1.4125333333333332,0.6757666666666666,0.7199000000000001,0.2875666666666667,0.5223,0.35200000000000004,1.1984666666666668,1.4122333333333332,1.6907333333333334,2.784066666666667,2.4856333333333334,0.5136666666666667,1.1281666666666665,1
2008-09-20,0.6676,0.6369333333333334,0.7190666666666666,0.9807666666666666,0.7396333333333334,0.9873333333333334,0.6842666666666666,2.0660666666666665,1.2615333333333332,1.3841,1.3316333333333332,1.4515666666666667,1.6801666666666668,1.4377,0.8233666666666667,0.2935,0.6592666666666667,1.2466000000000002,0.2752666666666667,0.28063333333333335,0.3001666666666667,0.2559666666666667,0.6489999999999999,0.9312,0
2008-09-21,0.26986666666666664,0.4497,0.30186666666666667,0.2813333333333333,0.23403333333333334,0.28206666666666663,0.23253333333333334,0.6621666666666666,0.9637,1.6291666666666667,0.3408333333333333,1.1275000000000002,3.2853666666666665,2.7158333333333333,1.4836333333333334,1.1843333333333335,0.9613666666666667,0.5313,1.6396666666666666,1.6322333333333332,3.0466333333333333,1.5331000000000001,0.42133333333333334,0.34159999999999996,2
2008-09-22,0.2905666666666667,0.2954,0.2858,0.6366666666666667,0.3606666666666667,0.23233333333333334,1.3276,2.3128666666666664,1.3475333333333335,1.3434,1.3220333333333334,1.2619,1.3356,0.3369666666666667,0.2871666666666667,0.2875,0.23503333333333334,0.3078333333333333,0.24956666666666666,1.1542666666666668,4.2912333333333335,1.7127666666666668,1.1092,0.3188333333333333,1
2008-09-23,0.29606666666666664,0.40586666666666665,0.858,0.2514,0.27923333333333333,0.29173333333333334,1.0226,2.362,2.780933333333333,1.3412,0.6971666666666666,0.6613666666666667,0.23790000000000003,0.40743333333333337,0.5057666666666667,0.412,0.4696666666666667,0.3748333333333333,1.2039666666666666,0.6111,1.6275333333333333,1.2781333333333333,1.7118333333333333,0.4587333333333333,1
2008-09-24,0.45439999999999997,0.4417,0.3924333333333333,0.45103333333333334,0.3797333333333333,0.44303333333333333,1.5111666666666668,2.4407,1.8638666666666666,1.7985333333333335,1.43,1.5726,2.3114666666666666,2.1039333333333334,1.0933333333333333,1.2396,0.29013333333333335,0.3127666666666667,0.2929333333333333,0.9316333333333334,1.5391333333333332,2.854033333333333,1.7419,0.7491,1
2008-09-25,0.30283333333333334,0.24603333333333335,0.31016666666666665,0.23903333333333335,0.28313333333333335,0.29006666666666664,0.8502333333333334,2.101033333333333,1.4069666666666667,1.3489666666666666,1.2772333333333334,0.7835,0.30996666666666667,0.24433333333333335,0.3016666666666667,0.24986666666666665,0.2841333333333333,0.26023333333333337,0.2831666666666666,1.1392666666666666,1.8930333333333331,1.9642000000000002,1.4539,1.0307,1
2008-09-26,0.25793333333333335,0.29309999999999997,0.22623333333333334,0.25820000000000004,0.22536666666666666,0.2797,0.9670666666666666,2.1326666666666667,1.2750666666666668,1.2910666666666666,1.2705666666666666,1.5793333333333335,1.8705999999999998,0.9752333333333334,0.30136666666666667,0.27230000000000004,0.2315333333333333,0.2906333333333333,0.4691666666666666,2.9346666666666668,1.9586666666666666,2.014133333333333,1.6031666666666666,0.8797333333333334,1
2008-09-27,0.2233,0.28326666666666667,0.23396666666666668,0.26143333333333335,0.2884,0.23316666666666666,0.5949666666666666,2.0421,1.9041333333333335,1.3768,1.4729666666666668,1.0890666666666666,1.8402333333333334,1.5383,0.46316666666666667,0.4844333333333333,0.6905,1.4653,2.9797333333333333,3.4896666666666665,3.6119,3.3233,3.1188,2.4485333333333332,1
2008-09-28,2.0024666666666664,0.9670000000000001,1.2281000000000002,1.2543333333333335,0.7047000000000001,0.26356666666666667,0.29956666666666665,0.34873333333333334,0.5492333333333334,0.6818666666666666,0.6883666666666667,0.9612333333333333,1.4381,1.5264666666666669,1.5553,1.6249333333333333,1.5003,1.2713666666666665,0.43069999999999997,1.0033666666666667,2.508,3.1047333333333333,2.484933333333333,0.4543666666666667,2
2008-09-29,0.34786666666666666,0.3340333333333333,0.38003333333333333,0.28219999999999995,0.3912333333333333,0.9730666666666666,0.7656666666666666,2.460066666666667,1.5542666666666667,1.5770000000000002,1.7071,1.6516,1.4439666666666668,0.8067666666666666,0.6007666666666667,0.6185333333333334,0.5593,0.37,0.3151,0.9468,1.4216333333333333,2.061233333333333,2.2464,1.2143333333333333,1
2008-09-30,0.3369,0.3821333333333333,0.37443333333333334,0.30660000000000004,0.36146666666666666,0.3186333333333334,0.8076000000000001,2.714,1.6688666666666667,1.3752,0.9827333333333333,0.38170000000000004,0.32236666666666663,0.3376,0.3219333333333333,0.3821,0.3465666666666667,0.40286666666666665,0.9496,1.5674333333333335,2.3764,3.4837,1.9546666666666668,0.46126666666666666,1
2008-10-01,0.39113333333333333,0.28163333333333335,0.36513333333333337,0.3733333333333333,0.3026666666666667,0.5186666666666667,1.5181666666666667,2.7119666666666666,1.409,1.4100333333333335,1.4601,2.9313333333333333,2.5622666666666665,2.230433333333333,1.1071666666666669,0.423,0.3867333333333333,1.854933333333333,0.7301666666666667,1.3082333333333334,2.4304,2.7769666666666666,1.2586333333333333,0.4639666666666667,1
2008-10-02,0.9405666666666667,0.3667666666666667,0.308,0.3621,0.323,0.36223333333333335,1.453,2.1233333333333335,1.6100666666666668,2.6602,1.3856,0.7842333333333333,0.9588333333333333,0.2812,0.3589,0.3168666666666667,0.3522666666666667,0.3642666666666667,0.3029333333333334,0.6990666666666667,1.9846333333333335,1.1546999999999998,1.4889333333333332,1.4806666666666668,1
2008-10-03,0.3783,0.3999666666666667,0.32316666666666666,0.3573,0.2920333333333333,0.36363333333333336,0.7854,2.2588999999999997,2.0090666666666666,1.9701666666666666,1.9452666666666665,1.4319666666666668,0.9231666666666667,0.3031333333333333,0.3754666666666667,0.3204,0.3062333333333333,0.4141333333333333,0.39816666666666667,1.9933666666666667,3.5624333333333333,2.8819333333333335,1.8704666666666665,1.0122666666666666,1
2008-10-04,1.9695333333333334,1.9434666666666667,1.4737333333333331,1.5899666666666665,1.4373,2.1237333333333335,1.3363,0.5470333333333334,1.1295333333333335,1.4188333333333332,1.5729333333333335,1.7973666666666666,1.9778666666666667,2.3943333333333334,2.4955,2.2008,1.692,1.2396333333333334,1.4095666666666666,1.4934,0.7429,0.3379333333333333,0.37899999999999995,0.3056,0
2008-10-05,0.6566,1.4487999999999999,0.5804333333333334,1.1648666666666665,1.1219666666666666,0.6673666666666667,0.8613999999999999,0.3153666666666667,0.3762666666666667,1.4988333333333335,2.5751333333333335,2.0147666666666666,1.6721666666666666,2.9872666666666663,2.4910666666666668,1.4277666666666666,1.2271333333333334,0.4642666666666667,0.4277666666666667,0.32663333333333333,0.364,0.3300666666666666,0.38876666666666665,0.44380000000000003,0
2008-10-06,2.1757,2.2571333333333334,1.7231999999999998,1.6061333333333332,1.4273333333333333,1.1429666666666667,0.3022,0.39293333333333336,0.32586666666666664,0.37453333333333333,0.35966666666666663,0.36,0.36,0.36,0.36,0.36,0.34776666666666667,0.5096,0.5259333333333334,1.2109999999999999,2.306966666666667,1.8934,1.8134666666666666,1.2339,0
2008-10-07,0.5723666666666667,0.4934,0.5409666666666666,0.5017666666666666,0.5297333333333333,0.5714,0.9358,2.895166666666667,1.6425333333333334,1.5492,1.7656333333333334,1.9729999999999999,1.5925,0.8599,0.5576333333333333,0.49846666666666667,0.5521333333333334,0.5093333333333333,0.6673666666666667,0.8072,2.332266666666667,3.2826,2.3804333333333334,0.7653333333333333,1
2008-10-08,0.3796,0.39813333333333334,0.3302,0.3783333333333333,0.38373333333333337,0.3233333333333333,1.7611666666666668,2.2566333333333333,1.6848666666666667,1.4256666666666669,1.4199333333333333,1.5105,1.7295333333333331,1.1370666666666667,2.6150666666666664,0.8670666666666667,1.0583666666666667,1.3559666666666668,0.5298,1.4794666666666667,2.2150000000000003,2.7138,2.118933333333333,0.9374333333333333,1
2008-10-09,0.37546666666666667,0.36669999999999997,0.3569333333333333,0.34173333333333333,0.38503333333333334,0.30123333333333335,1.0336666666666667,3.3072,2.9286000000000003,3.0480333333333336,3.1150333333333338,1.7446,1.8051666666666668,1.8818333333333332,1.1462999999999999,0.9916333333333333,0.6721666666666667,0.7817333333333334,0.4896333333333333,1.2462333333333333,2.4219,2.4515000000000002,1.5345333333333333,0.3345,1
2008-10-10,0.38353333333333334,0.3188666666666667,0.35346666666666665,0.36306666666666665,0.35936666666666667,0.7219333333333334,0.5797333333333333,2.1433000000000004,1.8256333333333332,1.8244666666666667,2.0974,1.8456000000000001,1.4134,1.3640666666666665,1.4352666666666667,0.9748666666666668,0.3769,0.33326666666666666,0.6496666666666667,1.0712666666666666,1.7706000000000002,0.8982666666666667,0.9631666666666666,1.2385333333333333,0
2008-10-11,0.40626666666666666,0.37260000000000004,0.3360666666666666,0.3324,0.3158,1.1714,0.391,1.8190333333333333,1.9580666666666666,1.8393666666666666,1.2308333333333332,1.0449666666666666,1.0920999999999998,1.1581333333333332,1.7548333333333335,1.3195000000000001,1.1708,0.5808666666666666,0.7763000000000001,2.5309999999999997,2.1196333333333333,1.6672666666666667,1.4721,0.9627666666666667,1
2008-10-12,0.5421666666666667,0.8350333333333333,0.4688,0.3578,0.38036666666666663,0.3325666666666667,0.38630000000000003,1.2058,2.0909333333333335,0.7040000000000001,1.1340333333333334,0.6725,0.6393000000000001,1.7315333333333334,1.421,0.7844333333333332,0.348,0.3769,2.4508333333333336,4.907733333333334,4.913633333333333,2.4621333333333335,2.2094666666666667,0.4437333333333333,2
2008-10-13,0.3662,0.3688666666666667,0.3876,0.7592,0.4863666666666667,0.36316666666666664,1.6100666666666668,2.769633333333333,1.8882666666666668,1.9672666666666667,1.4602666666666666,1.3925333333333332,0.7754666666666666,0.32816666666666666,0.38076666666666664,0.6007333333333332,0.4996,0.487,0.39926666666666666,1.4883,1.9220333333333335,2.2719,0.9833999999999999,0.4102,1
2008-10-14,0.3606333333333333,0.6424333333333333,0.8002,0.3844666666666667,0.32766666666666666,0.36833333333333335,0.8959333333333334,2.2209,1.4635666666666667,1.4944,2.3640666666666665,1.7363666666666666,1.5373333333333332,0.5893333333333334,0.47326666666666667,0.6465666666666666,0.7685,0.44466666666666665,0.7100666666666666,1.9826333333333332,2.015066666666667,2.2567999999999997,1.8595333333333335,0.47486666666666666,1
2008-10-15,1.0741666666666667,0.3762,0.41659999999999997,0.42623333333333335,0.3605333333333334,0.43326666666666663,1.8420666666666667,2.9812000000000003,1.5699333333333334,1.43,2.0384333333333333,2.1066333333333334,1.2709000000000001,2.0452,0.8203999999999999,2.2851,1.8621,1.6631,2.0665666666666667,2.1927000000000003,1.9476666666666667,1.7475999999999998,1.5411333333333335,1.4505333333333332,0
2008-10-16,0.3915,0.40896666666666665,0.4111666666666667,0.38039999999999996,0.39593333333333336,0.4515,0.7712333333333333,2.1404,1.6225,1.8402333333333334,1.8338333333333334,2.4709333333333334,1.299,0.7835666666666666,1.0058333333333334,1.0358,0.6674666666666667,0.4175333333333333,0.4484,1.2443,2.5246333333333335,2.0705666666666667,1.0397,0.7392666666666667,1
2008-10-17,0.4577666666666667,0.35700000000000004,0.4288666666666667,0.35873333333333335,0.4315333333333333,0.45216666666666666,2.2449,2.8442333333333334,2.0,1.9242333333333332,1.4212,1.4336,0.3847333333333333,0.40473333333333333,0.40886666666666666,0.48529999999999995,0.3894,0.5519333333333333,1.4484333333333335,2.3196,4.9791,3.019233333333333,1.9605,0.40869999999999995,1
2008-10-18,0.3216333333333334,0.3741333333333333,0.31703333333333333,0.3733,0.31639999999999996,1.0166666666666666,1.3327666666666667,3.1983333333333333,1.6048666666666667,1.5035999999999998,1.6235,1.639066666666667,0.8506,0.48960000000000004,0.5768000000000001,0.7262666666666667,0.7227,0.9731333333333333,1.8443666666666667,2.7064333333333335,3.9654666666666665,3.035433333333333,2.7995666666666663,5.008166666666667,1
2008-10-19,5.1555,5.759066666666667,1.1960333333333333,0.4532666666666667,0.31193333333333334,0.38970000000000005,0.30843333333333334,0.35286666666666666,0.5642666666666667,2.832333333333333,2.2844333333333333,1.1031333333333333,0.35506666666666664,0.4113666666666667,1.6165333333333334,0.7399,0.4788,0.39916666666666667,0.6210333333333333,2.1282666666666668,1.9632666666666667,1.7045,1.0728666666666666,0.6638333333333333,0
2008-10-20,0.34423333333333334,0.9387666666666666,0.40676666666666667,0.3527333333333333,0.3379333333333333,0.30050000000000004,1.4518333333333333,3.0880666666666667,1.5881,1.3866333333333334,1.4697,1.3518666666666665,1.4451,0.6713666666666666,0.46596666666666664,0.4436,0.9889333333333333,0.6253666666666666,1.107,1.6845999999999999,3.183966666666667,2.8999333333333337,0.7602,0.49939999999999996,1
2008-10-21,0.45353333333333334,0.4191333333333333,0.4534,0.4405,0.6617,1.0210666666666666,1.1251,2.5232,3.1877666666666666,2.244666666666667,1.6192,2.1332,1.5697333333333332,1.5243333333333333,0.6193666666666666,0.6245333333333334,0.5205333333333333,0.4936,1.7275666666666667,3.0809333333333333,3.4560666666666666,2.6017,1.1931666666666667,0.7012666666666667,1
2008-10-22,0.3592,0.32816666666666666,0.3646333333333333,0.3187666666666667,0.3871333333333334,1.0139333333333334,1.2517,2.0408666666666666,1.7139,1.4916333333333331,0.8613666666666667,0.4686666666666667,0.5283666666666667,1.0294,0.9551999999999999,1.5865666666666667,1.9646333333333332,1.7073666666666665,0.7875666666666666,1.3893,2.5587,2.457466666666667,1.5232333333333334,0.34573333333333334,1
2008-10-23,0.42646666666666666,0.3,0.3761333333333334,0.2854,0.3246333333333333,0.8023,1.5395666666666665,4.041133333333333,3.5378,1.5105333333333335,1.4111,1.4015666666666666,1.8813666666666669,1.4057333333333333,0.6744333333333333,0.6111666666666667,0.7402333333333334,0.4614333333333333,0.4857666666666667,1.5625333333333333,3.6967333333333334,1.5477999999999998,0.864,0.6204,1
2008-10-24,0.3979,0.2994,0.6298,0.8013333333333333,0.32656666666666667,0.3433333333333334,0.7369666666666667,2.7725,2.205233333333333,1.318,1.4032000000000002,1.4942,1.9550666666666667,0.8055,0.34113333333333334,0.35133333333333333,0.3551,0.4146,1.7575666666666665,3.9657666666666667,4.739033333333333,5.356866666666666,2.0781,0.7052666666666667,1
2008-10-25,0.4401333333333334,0.3344,0.36386666666666667,0.46853333333333336,0.8809666666666666,0.3232,0.3982,2.5481666666666665,2.0874333333333333,1.9414333333333333,1.9432142857142856,1.5931020408163266,1.7969333333333333,2.3941000000000003,1.5564666666666667,1.3934333333333335,1.3495666666666668,1.3541,1.3078333333333334,1.1212666666666666,0.27613333333333334,0.29646666666666666,0.25579999999999997,0.28963333333333335,0
2008-10-26,0.2788333333333333,0.304,0.26056666666666667,0.25616666666666665,0.2844333333333333,0.8757666666666667,0.7166333333333333,0.26959999999999995,0.29263333333333336,0.25226666666666664,0.2920333333333333,0.2768333333333333,0.31033333333333335,0.25716666666666665,0.29440000000000005,0.2575,0.40990000000000004,1.1617,0.3068666666666667,0.25793333333333335,0.2879333333333333,0.26543333333333335,0.28173333333333334,0.27419999999999994,0
2008-10-27,0.2921666666666667,0.2859666666666667,0.2787,0.272,0.8611000000000001,0.6902666666666666,0.2951666666666667,0.2923666666666666,0.2604,0.27566666666666667,0.26863333333333334,0.29003333333333337,0.2717,0.30196666666666666,0.2733666666666667,0.3686333333333333,1.1652666666666667,0.29196666666666665,0.267,0.3091333333333333,0.2784333333333333,0.29153333333333337,0.25616666666666665,0.2939,0
2008-10-28,0.26663333333333333,0.2946666666666667,0.2703666666666667,1.0840999999999998,0.4551,0.28883333333333333,0.2548,0.2992666666666667,0.2699,0.3128,0.2628333333333333,0.2872,0.25816666666666666,0.29613333333333336,0.8784666666666666,0.6188,0.28209999999999996,0.2829333333333333,1.7671,2.8276,2.4787000000000003,3.3145333333333338,2.769566666666667,2.0009,2
2008-10-29,2.0545,2.1572,2.9787000000000003,1.5575666666666668,0.7735666666666667,0.7408666666666667,0.7934333333333333,0.7439333333333333,0.7600666666666667,0.7499666666666667,1.4321666666666668,1.4486666666666668,1.8239333333333334,0.7757333333333333,0.7477666666666667,0.7821666666666667,0.7535000000000001,0.7670666666666667,0.7271333333333333,0.7555999999999999,1.3195666666666666,0.7295666666666667,0.7633,0.7403,0
2008-10-30,0.7672,0.7353666666666666,0.7859,0.7351666666666666,0.7472333333333334,1.4661666666666666,0.7530333333333333,0.7595333333333334,0.7353666666666666,0.7567333333333334,0.7134,0.8367,0.32083333333333336,0.4867,1.477,1.1990333333333332,0.5731666666666667,0.533,0.5671,0.5299666666666666,0.5946666666666667,0.7214666666666666,0.5661333333333334,0.9491333333333334,0
2008-10-31,0.9129666666666666,0.2845333333333333,0.25756666666666667,0.2803333333333333,0.26253333333333334,0.25683333333333336,0.2836666666666667,0.24436666666666668,0.27730000000000005,0.9233666666666667,0.9386666666666666,0.6878666666666666,1.8485,1.5566,1.5454333333333332,1.6948333333333332,1.8616666666666668,1.8527,1.5280333333333334,1.5502666666666667,0.9190666666666666,0.47386666666666666,0.5043,0.4852666666666667,2
2008-11-01,0.5070333333333333,0.4723,0.4971666666666667,0.4940333333333333,0.4825,0.5101666666666667,1.2616333333333334,0.7085666666666667,0.4813,0.5180333333333333,0.4713333333333333,0.4884,0.5105333333333333,0.48146666666666665,0.5255333333333333,0.4867666666666667,0.8692333333333334,1.0865333333333334,0.5102666666666666,0.4869333333333333,0.5005666666666666,0.49570000000000003,0.4784333333333333,0.5172,0
2008-11-02,0.48896666666666666,0.5128666666666667,0.47886666666666666,1.4533666666666667,0.49346666666666666,0.5179666666666667,0.4846666666666667,0.48693333333333333,0.5002333333333333,0.4860333333333333,0.5170333333333333,0.4741,1.0505,1.0123666666666666,0.5306666666666666,0.5013333333333334,0.5041333333333333,0.7412,0.47873333333333334,0.5233,0.4805,0.5216333333333333,0.4807666666666667,1.4572666666666667,0
2008-11-03,0.49116666666666664,0.5030333333333333,0.47296666666666665,0.49796666666666667,0.4864,0.4723333333333333,0.5080333333333333,0.48033333333333333,0.5023333333333333,1.0288333333333333,0.9215666666666668,0.47903333333333337,0.5283666666666667,0.48840000000000006,0.5337,0.4978666666666667,0.5065000000000001,0.8841666666666667,0.7902,0.8248666666666666,1.2266000000000001,0.3514,0.30756666666666665,0.34303333333333336,0
2008-11-04,0.30906666666666666,0.35,0.30860000000000004,0.3405666666666667,0.31039999999999995,0.3412,0.7717333333333334,0.8256333333333333,0.3409666666666667,0.3169,0.3439666666666667,0.3093333333333333,0.36166666666666664,0.31649999999999995,0.3503,0.5599000000000001,0.6263666666666666,2.1328666666666667,3.7359999999999998,2.952366666666667,4.446133333333334,4.389966666666667,0.8500333333333333,0.4481333333333334,2
2008-11-05,0.3576666666666667,0.3537666666666667,0.34756666666666663,0.34073333333333333,0.32613333333333333,0.6169,0.6960333333333334,1.5656666666666665,3.5736,3.0171333333333332,2.5728999999999997,3.1243333333333334,2.903833333333333,4.427666666666667,2.3460666666666667,2.9422333333333333,3.5904000000000003,2.8642333333333334,2.3581,3.2263,2.891033333333333,4.189966666666667,2.5442666666666667,1.0722999999999998,2
2008-11-06,0.3110666666666667,0.3268333333333333,0.2922333333333333,0.33990000000000004,0.7910666666666667,0.3571666666666667,1.5113333333333332,2.7704333333333335,1.6692,1.7770333333333332,1.4693,0.9291333333333333,0.8293,0.7855333333333333,0.6212333333333333,0.8449000000000001,0.8722,0.3323,1.7312,2.306833333333333,2.1484333333333336,1.8270666666666666,1.2006333333333332,0.4296333333333333,1
2008-11-07,0.3444,0.3699,0.3121,0.35883333333333334,0.5777666666666667,0.7596333333333334,0.9899666666666668,2.5874,1.3705333333333334,1.3745,1.3768666666666667,1.6719333333333333,1.5426333333333333,1.6475333333333333,1.7173666666666667,0.5982666666666667,0.5550333333333334,0.5114666666666666,1.1642666666666666,1.2684,1.3594,2.6727,1.2074,0.6481,1
2008-11-08,0.32703333333333334,0.3599,0.33186666666666664,0.3500666666666667,0.3095333333333333,0.38603333333333334,1.2308666666666668,2.7864333333333335,1.4431333333333332,1.4255666666666669,0.6905,0.7260333333333333,0.5755,1.1068333333333333,0.7608,0.5202666666666667,0.5668666666666666,1.8029,1.9071,2.2284333333333333,1.8259,1.4343000000000001,3.7183,2.071466666666667,1
2008-11-09,0.9007333333333334,0.6286666666666666,0.3436,0.35259999999999997,0.3206666666666667,0.6642333333333333,2.535066666666667,1.1008333333333333,0.8828,1.6777333333333333,1.9295,2.5558666666666667,1.8652000000000002,1.6803,1.7413999999999998,1.8575333333333333,2.0461,3.8533666666666666,4.378133333333333,3.1635,3.457266666666667,2.7956333333333334,1.7098000000000002,0.5351,2
2008-11-10,0.38523333333333337,0.3689666666666666,0.33876666666666666,0.34400000000000003,0.31993333333333335,0.36010000000000003,0.5523333333333333,2.976,2.463,2.131533333333333,1.8323,2.0705666666666667,2.0961,2.5226333333333333,1.6314,0.9712,1.9439333333333333,2.842111111111111,1.6607666666666667,1.1009666666666669,0.7837999999999999,2.3224,2.0828333333333333,1.048,0
2008-11-11,0.7471,1.1287333333333334,0.359,0.3082333333333333,0.3397,0.32449999999999996,0.36489999999999995,0.8057666666666666,1.5471666666666666,1.7733999999999999,1.7636,2.6970666666666667,2.3492,3.0147666666666666,1.8891333333333333,2.2617666666666665,1.8957000000000002,2.7046666666666668,2.1882666666666664,1.9705666666666666,2.8344,2.444166666666667,2.815633333333333,2.405066666666667,2
2008-11-12,1.4360666666666666,1.3265,1.3357333333333334,1.3354666666666666,1.3223999999999998,1.3197666666666668,1.8131333333333333,3.367366666666667,1.6491666666666667,1.4036,1.3637666666666666,1.5743666666666667,1.5351666666666666,1.9777333333333333,2.223275862068965,0.6446333333333333,0.7636000000000001,1.4070666666666667,1.3984666666666667,0.9586333333333333,1.3773666666666666,2.8172,1.6905333333333334,0.4746666666666667,0
2008-11-13,0.32143333333333335,0.34513333333333335,0.3148,0.36396666666666666,0.32083333333333336,0.3354,1.5701333333333334,2.4009333333333336,1.4091666666666667,1.3739,1.1460666666666666,0.3123333333333333,0.3514333333333333,0.3189666666666667,0.3580666666666667,0.31616666666666665,0.3233333333333333,0.33176666666666665,0.8399666666666666,2.0038,1.3297333333333334,1.5511666666666666,1.9774999999999998,0.725,1
2008-11-14,0.3399,0.3709,0.3391666666666666,0.3551,0.37093333333333334,0.30763333333333337,0.6806666666666668,2.479966666666667,2.2063,1.9402333333333333,1.4191333333333334,1.3825,1.7184333333333333,1.7077333333333333,0.7053666666666667,0.5607333333333333,0.3771333333333333,1.4798666666666667,1.1108333333333333,1.5596999999999999,1.3574666666666666,1.7394333333333334,1.6811,0.8387333333333333,1
2008-11-15,0.34159999999999996,0.3168666666666667,0.33426666666666666,0.3154,0.3421666666666667,0.31233333333333335,1.0190333333333332,2.2243,2.0385,1.4372666666666667,1.5404333333333333,0.6823,1.8103,0.9700333333333333,2.2538666666666667,4.1834999999999996,3.4251666666666667,4.5308,3.8292333333333333,3.3171000000000004,4.0635666666666665,3.7356333333333334,3.2284333333333333,4.275033333333334,2
2008-11-16,2.6713999999999998,2.3302666666666667,2.4747,0.4986333333333333,0.8016333333333333,0.2799666666666667,0.32916666666666666,0.30723333333333336,0.2954333333333333,0.6181333333333333,1.1517333333333333,1.3935333333333333,1.6390666666666667,2.6796,2.3007333333333335,2.9074,1.5922666666666667,1.0673666666666668,2.7474666666666665,3.166233333333333,3.7687000000000004,2.5480333333333336,1.1871666666666667,0.6679999999999999,2
2008-11-17,0.6405333333333334,0.43173333333333336,0.2805666666666667,0.3092333333333333,0.6156333333333334,0.5389999999999999,0.6735333333333333,2.510066666666667,1.7684,1.3574333333333333,1.3431,1.3835333333333333,1.3346333333333333,1.3667666666666667,1.3682,0.7361666666666667,0.26603333333333334,0.6930333333333334,1.1381333333333332,1.3323,2.3520666666666665,1.5367666666666666,1.0582333333333334,0.35883333333333334,1
2008-11-18,0.3658,0.34343333333333337,0.3571666666666667,0.3153666666666667,0.6241666666666668,0.8079333333333333,1.1119333333333332,3.2643,2.169033333333333,2.1052666666666666,1.6636666666666666,1.6768,1.3751,1.4014666666666669,0.7688,0.37,0.32813333333333333,0.4674666666666667,1.3919666666666666,2.682733333333333,1.4544333333333335,1.6499666666666668,1.7986,0.6573,1
2008-11-19,0.33849999999999997,0.32243333333333335,0.3641,0.3206,0.3669333333333334,0.32583333333333336,1.0551,2.1328666666666667,2.0296333333333334,1.864566666666667,1.4037666666666666,1.8720999999999999,0.7402666666666666,0.44270000000000004,1.2863333333333336,1.7612999999999999,0.6164333333333334,1.5766333333333333,1.6631333333333334,3.0791,3.085066666666667,2.2236666666666665,1.2804666666666666,0.5191,1
2008-11-20,0.4008,0.38333333333333336,0.3357,0.3622666666666667,0.34573333333333334,0.8797999999999999,1.3371666666666668,2.8952666666666667,1.9239333333333335,1.8995,1.419,1.3909333333333334,0.9966333333333334,0.3536,0.3806,0.3480333333333333,0.3874333333333333,1.2811,1.6204666666666665,3.318966666666667,2.4022,1.6730333333333334,1.4226666666666667,0.44743333333333335,1
2008-11-21,0.37446666666666667,0.3430666666666667,0.32656666666666667,0.35660000000000003,1.0781,0.3591,0.9727333333333333,2.7981,2.0513666666666666,1.4118666666666668,1.3838000000000001,1.4245333333333334,0.7936333333333334,0.35229999999999995,0.6701333333333334,1.5033999999999998,1.7642333333333333,1.9935,1.4486999999999999,1.9165333333333334,1.5532333333333335,1.5602666666666667,1.1248,0.3378,1
2008-11-22,0.40263333333333334,0.8028,0.3219333333333333,0.3328,0.3072666666666667,0.35069999999999996,0.8755666666666666,2.5014666666666665,1.4141000000000001,1.4021666666666666,1.3843,0.8380333333333333,0.9047999999999999,1.5729,1.1971,0.4343666666666667,0.428,0.8772333333333333,1.1043333333333334,1.5123,2.1332666666666666,3.8931666666666667,2.053366666666667,1.4782,1
2008-11-23,0.8236333333333333,0.8414333333333333,0.8118333333333333,0.8468,0.5199666666666667,0.9334,0.34556666666666663,0.34176666666666666,0.5668666666666666,1.8346779661016948,1.7086333333333334,1.4162666666666666,4.158333333333333,1.9747,2.6883666666666666,3.445666666666667,2.8127,4.205966666666667,6.560533333333334,3.742833333333333,6.310566666666667,3.7757333333333336,3.3073,2.8124333333333333,2
2008-11-24,2.7499,1.4167,1.456,1.4043999999999999,1.428,1.3705,2.1522333333333337,4.152733333333333,3.2528333333333332,2.8503333333333334,2.4366333333333334,2.0009,1.9231666666666667,1.9947000000000001,1.9563333333333333,1.9706000000000001,2.0639,1.6292333333333333,2.2767666666666666,2.1002666666666667,2.7713666666666668,3.993733333333333,2.283166666666667,1.9155666666666666,0
2008-11-25,1.2337999999999998,1.1392666666666669,1.1298333333333335,1.2526666666666666,1.2235666666666667,1.7574666666666665,2.115,3.6895000000000002,2.5977333333333332,2.6002,2.207733333333333,1.9008,1.9931333333333332,1.2140666666666666,0.8945000000000001,0.8084,0.8304666666666667,1.5413333333333334,2.264233333333333,4.020333333333333,3.5570666666666666,2.3194333333333335,2.0145,0.7424666666666667,1
2008-11-26,0.2629,0.2856666666666667,0.2713,0.27576666666666666,0.29533333333333334,0.2657,2.0535,2.8609333333333336,1.4158,1.3217666666666665,1.3394333333333333,1.3604333333333334,1.5120333333333333,0.7900333333333334,0.272,0.31006666666666666,0.2605,0.28973333333333334,0.4970333333333333,1.0654,3.0445333333333333,2.0796333333333332,1.9802,1.1562,1
2008-11-27,0.7820666666666667,0.7356666666666667,0.9367,0.6813666666666667,0.8187666666666666,0.8355333333333334,2.1615333333333333,3.2483,2.0389666666666666,1.8458,1.7471333333333334,1.7627666666666668,1.8261333333333334,1.8471333333333333,1.9027333333333334,1.2750333333333332,0.7058,0.7948000000000001,1.2233666666666667,3.7810333333333332,3.8673333333333333,2.7762333333333333,0.9293333333333333,0.8467666666666668,1
2008-11-28,0.28396666666666665,0.26986666666666664,0.30146666666666666,0.262,0.29933333333333334,0.2692333333333333,1.3213666666666666,2.9919333333333333,2.6959333333333335,1.6607666666666667,1.3346666666666667,1.3800333333333332,1.6262,1.1265333333333334,0.5392666666666667,0.5849333333333334,1.699,1.2916333333333334,1.6844,2.8114333333333335,2.7813666666666665,2.720466666666667,1.1295333333333335,0.3674,1
2008-11-29,0.2866666666666667,0.2594333333333333,0.2967666666666667,0.6722,0.42336666666666667,0.2718,0.43806666666666666,2.7462999999999997,3.108166666666667,1.6164333333333334,0.9076666666666667,0.8053666666666667,1.3330666666666666,2.3532,2.9312,1.9796333333333334,1.3956666666666668,1.5702,1.5918333333333334,3.9017666666666666,1.9912666666666667,3.3449999999999998,3.005733333333333,3.347,2
2008-11-30,2.5397000000000003,1.2418,0.2919333333333334,0.265,0.30346666666666666,0.27419999999999994,0.29333333333333333,0.8217666666666666,1.5186,1.1876666666666666,0.9544333333333334,1.0095666666666667,1.1754666666666667,1.9539000000000002,1.9183999999999999,1.4012333333333333,1.1828333333333334,1.0062666666666666,3.683,2.7634,5.930499999999999,4.156633333333334,2.4856,1.6644333333333334,2
2008-12-01,0.38986666666666664,0.3839666666666667,0.33640000000000003,0.37193333333333334,0.33036666666666664,0.3406,0.8523999999999999,2.647066666666667,1.6913333333333334,1.6062666666666667,1.5908000000000002,1.5872,1.5501333333333334,1.0049000000000001,0.49329999999999996,0.5259,0.8628333333333333,1.1531999999999998,1.4737666666666667,1.2341333333333333,2.941933333333333,2.3876666666666666,0.7230333333333333,0.4633,1
2008-12-02,0.35873333333333335,0.37629999999999997,0.34933333333333333,0.37956666666666666,0.3531666666666667,1.0575999999999999,0.8957666666666667,2.1867,2.4556,1.4284666666666666,1.6279000000000001,1.4991333333333334,1.6536666666666666,1.6787333333333334,1.5661666666666667,0.49789999999999995,0.6617,1.7080333333333333,2.0405333333333333,1.0810666666666668,2.1639,2.3315333333333332,1.0793666666666666,0.45986666666666665,1
2008-12-03,0.32483333333333336,0.5480666666666667,0.7890333333333334,0.3202,0.34763333333333335,0.3246333333333334,1.2433666666666667,2.344,2.6812,2.3651,1.4092999999999998,1.4327,0.9144666666666666,0.7694333333333333,1.5849666666666666,0.5458,0.731,1.8998666666666668,2.8083666666666667,1.4989666666666668,1.3284999999999998,1.3492666666666666,1.3223333333333334,0.3697,1
2008-12-04,0.3282666666666667,0.3190666666666667,0.3678,0.9654666666666666,0.35259999999999997,0.33233333333333337,0.6348333333333334,2.6776666666666666,2.2893666666666665,1.9689,1.9455,1.3993666666666666,1.4619666666666666,1.434,1.0290000000000001,0.3522666666666667,0.32753333333333334,0.3506666666666666,0.9704666666666667,2.7447,2.216,2.3474,1.2863,0.8758333333333332,1
2008-12-05,0.8940333333333333,0.8972333333333332,0.7633666666666666,0.7568666666666667,0.31603333333333333,0.3298,1.1093333333333333,2.3014,2.214,1.9243,1.4242333333333335,1.3910333333333333,0.3166333333333334,0.34373333333333334,0.5459666666666667,1.2203333333333333,2.4348666666666667,2.1013333333333333,2.8316333333333334,2.2891666666666666,2.6165000000000003,1.4843,2.193566666666667,1.6106333333333334,2
2008-12-06,0.9284666666666667,0.37803333333333333,0.255,0.26826666666666665,0.41329999999999995,0.756,0.49013333333333337,1.9734666666666667,2.7882666666666664,2.2507333333333337,4.2289,3.5612,2.9631,4.6615,1.5779333333333334,1.3341999999999998,1.2878333333333332,1.9787333333333335,2.5128666666666666,2.4242333333333335,1.3103333333333333,1.7949666666666666,0.9304666666666667,0.996,0
2008-12-07,1.5482666666666667,0.47200000000000003,0.3517666666666666,0.32206666666666667,0.29566666666666663,0.6227333333333334,0.6408666666666666,0.8421333333333333,1.1662333333333335,2.0777,1.8204,1.9604333333333335,3.3864666666666663,2.3009666666666666,2.2722333333333333,1.7348999999999999,1.7198333333333333,1.6695,3.3508,3.969066666666667,3.008166666666667,2.4176,1.5956333333333332,1.5669,2
2008-12-08,1.518,0.8333333333333334,0.47933333333333333,0.4391666666666667,0.4388666666666667,0.4514666666666667,1.5869333333333333,2.7612333333333337,2.934633333333333,2.3632,1.4258666666666666,1.3619333333333332,1.3848333333333334,1.3910333333333333,1.3892666666666666,1.4105,0.5508333333333334,0.4008333333333333,1.1447333333333334,1.5873,2.381266666666667,1.8972000000000002,0.6675666666666668,0.3446,1
2008-12-09,0.26233333333333336,0.2779333333333333,0.8315,0.5044666666666667,0.2969,0.6399666666666667,0.7666333333333333,2.2242333333333333,2.1999,1.9543333333333335,2.1385,1.5100666666666667,1.3854666666666666,1.3784666666666667,1.3947666666666665,1.438,0.9896333333333334,1.1586,2.4043666666666668,3.2034333333333334,3.9975666666666667,1.5669333333333335,0.5667000000000001,0.2950333333333333,2
2008-12-10,0.26953333333333335,0.3023666666666667,0.2827,0.36910000000000004,0.8751333333333332,0.264,0.8028333333333334,2.4608,3.1737666666666664,2.721433333333333,1.9605416666666666,2.0789999999999997,1.7283,1.5495333333333334,1.9781000000000002,3.0924,1.7707000000000002,3.7416666666666667,1.9932666666666667,1.1556333333333333,1.7026333333333334,2.3862666666666663,0.6297666666666667,0.29600000000000004,0
2008-12-11,0.2816666666666666,0.3142666666666667,0.2622666666666667,0.27909999999999996,0.2849333333333333,1.0055333333333334,1.6218333333333335,2.906766666666667,1.5914666666666666,1.9627666666666668,1.3865333333333332,1.3661666666666668,0.4414,0.2888333333333334,0.279,0.3127333333333333,0.2785,1.1781666666666666,1.3844333333333334,2.1270000000000002,2.3022,1.0122666666666666,0.5801999999999999,0.42733333333333334,1
2008-12-12,0.41536666666666666,0.305,0.2855666666666667,0.5428999999999999,0.8100666666666666,0.2784333333333333,1.2856999999999998,2.194866666666667,1.7383333333333333,1.4001666666666668,1.3257333333333332,1.3252666666666668,1.3495,1.3781666666666665,0.8594333333333333,0.6729,0.7110333333333333,2.4854,2.258966666666667,1.65,2.996766666666667,2.1789,1.5045333333333335,0.3059,2
